idLog,idPersona,zona1,zona2,zona3,zona4
1,1,0,0,0,0.02
2,2,0,0,0.02,0
3,3,0,0,0.02,0
4,1,0,0,0,0.03
5,2,0,0,0.03,0
6,3,0,0,0.03,0
7,1,0,0,0,0.05
8,2,0,0,0.05,0
9,3,0,0,0.05,0
10,1,0,0,0,0.07
11,2,0,0,0.07,0
12,3,0,0,0.07,0
13,1,0,0,0,0.08
14,2,0,0,0.08,0
15,3,0,0,0.08,0
16,1,0,0,0,0.1
17,2,0,0,0.1,0
18,3,0,0,0.1,0
19,1,0,0,0,0.12
20,2,0,0,0.12,0
21,3,0,0,0.12,0
22,1,0,0,0,0.13
23,2,0,0,0.13,0
24,3,0,0,0.13,0
25,1,0,0,0,0.15
26,2,0,0,0.15,0
27,3,0,0,0.15,0
28,1,0,0,0,0.17
29,2,0,0,0.17,0
30,3,0,0,0.17,0
31,1,0,0,0,0.18
32,2,0,0,0.18,0
33,3,0,0,0.18,0
34,1,0,0,0,0.2
35,2,0,0,0.2,0
36,3,0,0,0.2,0
37,1,0,0,0,0.22
38,2,0,0,0.22,0
39,3,0,0,0.22,0
40,1,0,0,0,0.23
41,2,0,0,0.23,0
42,3,0,0,0.23,0
43,1,0,0,0,0.25
44,2,0,0,0.25,0
45,3,0,0,0.25,0
46,1,0,0,0,0.27
47,2,0,0,0.27,0
48,3,0,0,0.27,0
49,1,0,0,0,0.28
50,2,0,0,0.28,0
51,3,0,0,0.28,0
52,1,0,0,0,0.3
53,2,0,0,0.3,0
54,3,0,0,0.3,0
55,1,0,0,0,0.32
56,2,0,0,0.32,0
57,3,0,0,0.32,0
58,1,0,0,0,0.33
59,2,0,0,0.33,0
60,3,0,0,0.33,0
61,1,0,0,0,0.35
62,2,0,0,0.35,0
63,3,0,0,0.35,0
64,1,0,0,0,0.37
65,2,0,0,0.37,0
66,3,0,0,0.37,0
67,1,0,0,0,0.38
68,2,0,0,0.38,0
69,3,0,0,0.38,0
70,1,0,0,0,0.4
71,2,0,0,0.4,0
72,3,0,0,0.4,0
73,1,0,0,0,0.42
74,2,0,0,0.42,0
75,3,0,0,0.42,0
76,1,0,0,0,0.43
77,2,0,0,0.43,0
78,3,0,0,0.43,0
79,1,0,0,0,0.45
80,2,0,0,0.45,0
81,3,0,0,0.45,0
82,1,0,0,0,0.47
83,2,0,0,0.47,0
84,3,0,0,0.47,0
85,1,0,0,0,0.48
86,2,0,0,0.48,0
87,3,0,0,0.48,0
88,1,0,0,0,0.5
89,2,0,0,0.5,0
90,3,0,0,0.5,0
91,1,0,0,0,0.52
92,2,0,0,0.52,0
93,3,0,0,0.52,0
94,1,0,0,0,0.53
95,2,0,0,0.53,0
96,3,0,0,0.53,0
97,1,0,0,0,0.55
98,2,0,0,0.55,0
99,3,0,0,0.55,0
100,1,0,0,0.02,0.55
101,2,0,0,0.57,0
102,3,0,0,0.57,0
103,1,0,0,0.03,0.55
104,2,0,0,0.58,0
105,3,0,0,0.58,0
106,1,0,0,0.05,0.55
107,2,0,0,0.6,0
108,3,0,0,0.6,0
109,1,0,0,0.07,0.55
110,2,0,0,0.62,0
111,3,0,0,0.62,0
112,1,0,0,0.08,0.55
113,2,0,0,0.63,0
114,3,0,0,0.63,0
115,1,0,0,0.1,0.55
116,2,0,0,0.65,0
117,3,0,0,0.65,0
118,1,0,0,0.12,0.55
119,2,0,0,0.67,0
120,3,0,0,0.67,0
121,1,0,0,0.13,0.55
122,2,0,0,0.68,0
123,3,0,0,0.68,0
124,1,0,0,0.15,0.55
125,2,0,0,0.7,0
126,3,0,0,0.7,0
127,1,0,0,0.17,0.55
128,2,0,0,0.72,0
129,3,0,0,0.72,0
130,4,0,0,0,0.02
131,1,0,0,0.18,0.55
132,2,0,0,0.73,0
133,3,0,0,0.73,0
134,4,0,0,0,0.03
135,1,0,0,0.2,0.55
136,2,0,0,0.75,0
137,3,0,0,0.75,0
138,4,0,0,0,0.05
139,1,0,0,0.22,0.55
140,2,0,0,0.77,0
141,3,0,0,0.77,0
142,4,0,0,0,0.07
143,1,0,0,0.23,0.55
144,2,0,0,0.78,0
145,3,0,0,0.78,0
146,4,0,0,0,0.08
147,1,0,0,0.25,0.55
148,2,0,0,0.8,0
149,3,0,0,0.8,0
150,4,0,0,0,0.1
151,1,0,0,0.27,0.55
152,2,0,0,0.82,0
153,3,0,0,0.82,0
154,4,0,0,0,0.12
155,1,0,0,0.28,0.55
156,3,0,0,0.83,0
157,4,0,0,0,0.13
158,1,0,0,0.3,0.55
159,3,0,0,0.85,0
160,4,0,0,0,0.15
161,1,0,0,0.32,0.55
162,3,0,0,0.87,0
163,4,0,0,0,0.17
164,1,0,0,0.33,0.55
165,3,0,0,0.88,0
166,4,0,0,0,0.18
167,1,0,0,0.35,0.55
168,3,0,0,0.9,0
169,4,0,0,0,0.2
170,1,0,0,0.37,0.55
171,3,0,0,0.92,0
172,4,0,0,0,0.22
173,1,0,0,0.38,0.55
174,3,0,0,0.93,0
175,4,0,0,0,0.23
176,1,0,0,0.4,0.55
177,3,0,0,0.95,0
178,4,0,0,0,0.25
179,1,0,0,0.42,0.55
180,4,0,0,0,0.27
181,1,0,0,0.43,0.55
182,4,0,0,0,0.28
183,1,0,0,0.45,0.55
184,4,0,0,0,0.3
185,1,0,0,0.47,0.55
186,4,0,0,0,0.32
187,1,0,0,0.48,0.55
188,4,0,0,0,0.33
189,1,0,0,0.5,0.55
190,4,0,0,0,0.35
191,1,0,0,0.52,0.55
192,4,0,0,0,0.37
193,1,0,0,0.53,0.55
194,4,0,0,0,0.38
195,1,0,0,0.55,0.55
196,4,0,0,0,0.4
197,1,0,0,0.57,0.55
198,4,0,0,0,0.42
199,1,0,0,0.58,0.55
200,4,0,0,0,0.43
201,1,0,0,0.6,0.55
202,4,0,0,0,0.45
203,1,0,0,0.62,0.55
204,4,0,0,0,0.47
205,1,0,0,0.63,0.55
206,4,0,0,0,0.48
207,1,0,0,0.65,0.55
208,4,0,0,0,0.5
209,1,0,0,0.67,0.55
210,4,0,0,0,0.52
211,1,0,0,0.68,0.55
212,4,0,0,0,0.53
213,1,0,0,0.7,0.55
214,4,0,0,0,0.55
215,1,0,0,0.72,0.55
216,4,0,0,0,0.57
217,1,0,0,0.73,0.55
218,4,0,0,0,0.58
219,6,0,0,0.02,0
220,1,0,0,0.75,0.55
221,4,0,0,0,0.6
222,6,0,0,0.03,0
223,1,0,0,0.77,0.55
224,4,0,0,0,0.62
225,6,0,0,0.05,0
226,1,0,0,0.78,0.55
227,4,0,0,0,0.63
228,6,0,0,0.07,0
229,1,0,0,0.8,0.55
230,4,0,0,0,0.65
231,6,0,0,0.08,0
232,1,0,0,0.82,0.55
233,4,0,0,0,0.67
234,6,0,0,0.1,0
235,1,0,0,0.83,0.55
236,4,0,0,0,0.68
237,6,0,0,0.12,0
238,1,0,0,0.85,0.55
239,4,0,0,0,0.7
240,6,0,0,0.13,0
241,1,0,0,0.87,0.55
242,4,0,0,0,0.72
243,6,0,0,0.15,0
244,1,0,0,0.88,0.55
245,4,0,0,0,0.73
246,6,0,0,0.17,0
247,1,0,0,0.9,0.55
248,4,0,0,0,0.75
249,6,0,0,0.18,0
250,1,0,0,0.92,0.55
251,4,0,0,0,0.77
252,6,0,0,0.2,0
253,7,0,0,0.02,0
254,1,0,0,0.93,0.55
255,4,0,0,0,0.78
256,6,0,0,0.22,0
257,7,0,0,0.03,0
258,1,0,0,0.95,0.55
259,4,0,0,0,0.8
260,6,0,0,0.23,0
261,7,0,0,0.05,0
262,1,0,0,0.97,0.55
263,4,0,0,0,0.82
264,6,0,0,0.25,0
265,7,0,0,0.07,0
266,1,0,0,0.98,0.55
267,4,0,0,0,0.83
268,6,0,0,0.27,0
269,7,0,0,0.08,0
270,1,0,0,1.0,0.55
271,4,0,0,0,0.85
272,6,0,0,0.27,0.02
273,7,0,0,0.1,0
274,1,0,0,1.02,0.55
275,4,0,0,0,0.87
276,6,0,0,0.27,0.03
277,7,0,0,0.12,0
278,8,0,0,0.02,0
279,1,0,0,1.03,0.55
280,4,0,0,0,0.88
281,6,0,0,0.27,0.05
282,7,0,0,0.13,0
283,1,0,0,1.05,0.55
284,4,0,0,0,0.9
285,6,0,0,0.27,0.07
286,7,0,0,0.15,0
287,1,0,0,1.07,0.55
288,4,0,0,0,0.92
289,6,0,0,0.27,0.08
290,7,0,0,0.17,0
291,1,0,0,1.08,0.55
292,4,0,0,0,0.93
293,6,0,0,0.27,0.1
294,7,0,0,0.18,0
295,1,0,0,1.1,0.55
296,4,0,0,0,0.95
297,6,0,0,0.27,0.12
298,7,0,0,0.2,0
299,1,0,0,1.12,0.55
300,4,0,0,0,0.97
301,6,0,0,0.27,0.13
302,7,0,0,0.22,0
303,1,0,0,1.13,0.55
304,6,0,0,0.27,0.15
305,7,0,0,0.23,0
306,1,0,0,1.15,0.55
307,6,0,0,0.27,0.17
308,7,0,0,0.25,0
309,1,0,0,1.17,0.55
310,6,0,0,0.27,0.18
311,7,0,0,0.27,0
312,1,0,0,1.18,0.55
313,6,0,0,0.27,0.2
314,7,0,0,0.28,0
315,1,0,0,1.2,0.55
316,6,0,0,0.27,0.22
317,7,0,0,0.3,0
318,1,0,0,1.22,0.55
319,6,0,0,0.27,0.23
320,7,0,0,0.32,0
321,1,0,0,1.23,0.55
322,6,0,0,0.27,0.25
323,8,0,0,0.03,0
324,1,0,0,1.25,0.55
325,6,0,0,0.27,0.27
326,8,0,0,0.05,0
327,1,0,0,1.27,0.55
328,6,0,0,0.27,0.28
329,8,0,0,0.07,0
330,1,0,0,1.28,0.55
331,6,0,0,0.27,0.3
332,8,0,0,0.08,0
333,1,0,0,1.3,0.55
334,6,0,0,0.27,0.32
335,8,0,0,0.1,0
336,1,0,0,1.32,0.55
337,6,0,0,0.27,0.33
338,8,0,0,0.12,0
339,1,0,0,1.33,0.55
340,6,0,0,0.27,0.35
341,8,0,0,0.13,0
342,1,0,0,1.35,0.55
343,6,0,0,0.27,0.37
344,8,0,0,0.15,0
345,1,0,0,1.37,0.55
346,6,0,0,0.27,0.38
347,8,0,0,0.17,0
348,1,0,0,1.38,0.55
349,6,0,0,0.27,0.4
350,8,0,0,0.18,0
351,1,0,0,1.4,0.55
352,6,0,0,0.27,0.42
353,8,0,0,0.2,0
354,1,0,0,1.42,0.55
355,6,0,0,0.27,0.43
356,8,0,0,0.22,0
357,1,0,0,1.43,0.55
358,6,0,0,0.27,0.45
359,8,0,0,0.23,0
360,1,0,0,1.45,0.55
361,6,0,0,0.27,0.47
362,8,0,0,0.25,0
363,1,0,0,1.47,0.55
364,6,0,0,0.27,0.48
365,8,0,0,0.27,0
366,1,0,0,1.48,0.55
367,6,0,0,0.27,0.5
368,8,0,0,0.28,0
369,1,0,0,1.5,0.55
370,6,0,0,0.27,0.52
371,8,0,0,0.3,0
372,4,0,0,0,0.98
373,1,0,0,1.52,0.55
374,6,0,0,0.27,0.53
375,8,0,0,0.32,0
376,4,0,0,0,1.0
377,1,0,0,1.53,0.55
378,6,0,0,0.27,0.55
379,8,0,0,0.33,0
380,4,0,0,0,1.02
381,1,0,0,1.55,0.55
382,6,0,0,0.27,0.57
383,8,0,0,0.35,0
384,1,0,0,1.57,0.55
385,6,0,0,0.27,0.58
386,8,0,0,0.37,0
387,1,0,0,1.58,0.55
388,6,0,0,0.27,0.6
389,8,0,0,0.38,0
390,1,0,0,1.6,0.55
391,6,0,0,0.27,0.62
392,8,0,0,0.4,0
393,4,0,0,0,1.03
394,1,0,0,1.62,0.55
395,6,0,0,0.27,0.63
396,8,0,0,0.42,0
397,4,0,0,0,1.05
398,1,0,0,1.63,0.55
399,6,0,0,0.27,0.65
400,8,0,0,0.43,0
401,4,0,0,0,1.07
402,1,0,0,1.65,0.55
403,6,0,0,0.27,0.67
404,8,0,0,0.45,0
405,4,0,0,0,1.08
406,1,0,0,1.67,0.55
407,6,0,0,0.27,0.68
408,8,0,0,0.47,0
409,4,0,0,0,1.1
410,1,0,0,1.69,0.55
411,6,0,0,0.27,0.7
412,8,0,0,0.48,0
413,4,0,0,0,1.12
414,1,0,0,1.7,0.55
415,6,0,0,0.27,0.72
416,8,0,0,0.5,0
417,4,0,0,0,1.13
418,1,0,0,1.72,0.55
419,6,0,0,0.27,0.73
420,8,0,0,0.52,0
421,4,0,0,0,1.15
422,1,0,0,1.74,0.55
423,6,0,0,0.27,0.75
424,8,0,0,0.53,0
425,4,0,0,0,1.17
426,1,0,0,1.75,0.55
427,6,0,0,0.27,0.77
428,8,0,0,0.55,0
429,4,0,0,0,1.18
430,1,0,0,1.77,0.55
431,6,0,0,0.27,0.78
432,8,0,0,0.57,0
433,4,0,0,0,1.2
434,1,0,0,1.79,0.55
435,6,0,0,0.27,0.8
436,8,0,0,0.58,0
437,4,0,0,0,1.22
438,1,0,0,1.8,0.55
439,6,0,0,0.27,0.82
440,8,0,0,0.6,0
441,4,0,0,0,1.23
442,1,0,0,1.82,0.55
443,6,0,0,0.27,0.83
444,8,0,0,0.62,0
445,4,0,0,0,1.25
446,1,0,0,1.84,0.55
447,6,0,0,0.27,0.85
448,8,0,0,0.63,0
449,4,0,0,0,1.27
450,1,0,0,1.85,0.55
451,6,0,0,0.27,0.87
452,8,0,0,0.65,0
453,4,0,0,0,1.28
454,1,0,0,1.87,0.55
455,6,0,0,0.27,0.88
456,8,0,0,0.67,0
457,4,0,0,0,1.3
458,1,0,0,1.89,0.55
459,6,0,0,0.27,0.9
460,8,0,0,0.68,0
461,4,0,0,0,1.32
462,1,0,0,1.9,0.55
463,6,0,0,0.27,0.92
464,8,0,0,0.7,0
465,4,0,0,0,1.33
466,1,0,0,1.92,0.55
467,6,0,0,0.27,0.93
468,8,0,0,0.72,0
469,4,0,0,0,1.35
470,1,0,0,1.94,0.55
471,6,0,0,0.27,0.95
472,8,0,0,0.73,0
473,4,0,0,0,1.37
474,1,0,0,1.95,0.55
475,6,0,0,0.27,0.97
476,8,0,0,0.75,0
477,4,0,0,0,1.38
478,1,0,0,1.97,0.55
479,6,0,0,0.27,0.98
480,8,0,0,0.77,0
481,4,0,0,0,1.4
482,1,0,0,1.99,0.55
483,6,0,0,0.27,1.0
484,8,0,0,0.78,0
485,4,0,0,0,1.42
486,1,0,0,2.0,0.55
487,6,0,0,0.27,1.02
488,8,0,0,0.8,0
489,4,0,0,0,1.43
490,1,0,0,2.02,0.55
491,6,0,0,0.27,1.03
492,8,0,0,0.82,0
493,1,0,0,2.04,0.55
494,6,0,0,0.27,1.05
495,8,0,0,0.83,0
496,4,0,0,0,1.45
497,1,0,0,2.05,0.55
498,6,0,0,0.27,1.07
499,8,0,0,0.85,0
500,4,0,0,0,1.47
501,1,0,0,2.07,0.55
502,6,0,0,0.27,1.08
503,8,0,0,0.87,0
504,4,0,0,0,1.48
505,1,0,0,2.09,0.55
506,6,0,0,0.27,1.1
507,8,0,0,0.88,0
508,4,0,0,0,1.5
509,1,0,0,2.1,0.55
510,6,0,0,0.27,1.12
511,8,0,0,0.9,0
512,4,0,0,0,1.52
513,1,0,0,2.12,0.55
514,6,0,0,0.27,1.13
515,8,0,0,0.92,0
516,4,0,0,0,1.53
517,1,0,0,2.14,0.55
518,6,0,0,0.27,1.15
519,8,0,0,0.93,0
520,4,0,0,0,1.55
521,1,0,0,2.15,0.55
522,6,0,0,0.27,1.17
523,8,0,0,0.95,0
524,4,0,0,0,1.57
525,1,0,0,2.17,0.55
526,6,0,0,0.27,1.18
527,8,0,0,0.97,0
528,4,0,0,0,1.58
529,1,0,0,2.19,0.55
530,6,0,0,0.27,1.2
531,8,0,0,0.98,0
532,4,0,0,0,1.6
533,1,0,0,2.2,0.55
534,6,0,0,0.27,1.22
535,8,0,0,1.0,0
536,4,0,0,0,1.62
537,1,0,0,2.22,0.55
538,6,0,0,0.27,1.23
539,8,0,0,1.02,0
540,4,0,0,0,1.63
541,1,0,0,2.24,0.55
542,6,0,0,0.27,1.25
543,8,0,0,1.03,0
544,4,0,0,0,1.65
545,1,0,0,2.25,0.55
546,6,0,0,0.27,1.27
547,8,0,0,1.05,0
548,4,0,0,0,1.67
549,1,0,0,2.27,0.55
550,6,0,0,0.27,1.28
551,8,0,0,1.07,0
552,4,0,0,0,1.69
553,1,0,0,2.29,0.55
554,6,0,0,0.27,1.3
555,8,0,0,1.08,0
556,4,0,0,0,1.7
557,1,0,0,2.3,0.55
558,6,0,0,0.27,1.32
559,8,0,0,1.1,0
560,4,0,0,0,1.72
561,1,0,0,2.32,0.55
562,6,0,0,0.27,1.33
563,8,0,0,1.12,0
564,4,0,0,0,1.74
565,1,0,0,2.34,0.55
566,6,0,0,0.27,1.35
567,8,0,0,1.13,0
568,4,0,0,0,1.75
569,1,0,0,2.35,0.55
570,6,0,0,0.27,1.37
571,8,0,0,1.15,0
572,4,0,0,0,1.77
573,1,0,0,2.37,0.55
574,6,0,0,0.27,1.38
575,8,0,0,1.17,0
576,4,0,0,0,1.79
577,1,0,0,2.39,0.55
578,6,0,0,0.27,1.4
579,8,0,0,1.18,0
580,4,0,0,0,1.8
581,1,0,0,2.4,0.55
582,6,0,0,0.27,1.42
583,8,0,0,1.2,0
584,4,0,0,0,1.82
585,1,0,0,2.42,0.55
586,6,0,0,0.27,1.43
587,8,0,0,1.22,0
588,4,0,0,0,1.84
589,1,0,0,2.44,0.55
590,6,0,0,0.27,1.45
591,8,0,0,1.23,0
592,4,0,0,0,1.85
593,1,0,0,2.45,0.55
594,6,0,0,0.27,1.47
595,8,0,0,1.25,0
596,4,0,0,0,1.87
597,1,0,0,2.47,0.55
598,6,0,0,0.27,1.48
599,8,0,0,1.27,0
600,4,0,0,0,1.89
601,1,0,0,2.49,0.55
602,6,0,0,0.27,1.5
603,8,0,0,1.28,0
604,4,0,0,0,1.9
605,1,0,0,2.5,0.55
606,6,0,0,0.27,1.52
607,8,0,0,1.3,0
608,4,0,0,0,1.92
609,1,0,0,2.52,0.55
610,6,0,0,0.27,1.53
611,8,0,0,1.32,0
612,4,0,0,0,1.94
613,1,0,0,2.54,0.55
614,6,0,0,0.27,1.55
615,8,0,0,1.32,0.02
616,4,0,0,0,1.95
617,1,0,0,2.55,0.55
618,6,0,0,0.27,1.57
619,8,0,0,1.32,0.03
620,4,0,0,0,1.97
621,1,0,0,2.57,0.55
622,6,0,0,0.27,1.58
623,8,0,0,1.32,0.05
624,4,0,0,0,1.99
625,1,0,0,2.59,0.55
626,6,0,0,0.27,1.6
627,8,0,0,1.32,0.07
628,4,0,0,0,2.0
629,1,0,0,2.6,0.55
630,6,0,0,0.27,1.62
631,8,0,0,1.32,0.08
632,4,0,0,0,2.02
633,1,0,0,2.62,0.55
634,6,0,0,0.27,1.63
635,8,0,0,1.32,0.1
636,4,0,0,0,2.04
637,1,0,0,2.64,0.55
638,6,0,0,0.27,1.65
639,8,0,0,1.32,0.12
640,1,0,0,2.65,0.55
641,6,0,0,0.27,1.67
642,8,0,0,1.32,0.13
643,1,0,0,2.67,0.55
644,6,0,0,0.27,1.69
645,8,0,0,1.32,0.15
646,1,0,0,2.69,0.55
647,6,0,0,0.27,1.7
648,8,0,0,1.32,0.17
649,1,0,0,2.7,0.55
650,6,0,0,0.27,1.72
651,8,0,0,1.32,0.18
652,1,0,0,2.72,0.55
653,6,0,0,0.27,1.74
654,8,0,0,1.32,0.2
655,1,0,0,2.74,0.55
656,6,0,0,0.27,1.75
657,8,0,0,1.32,0.22
658,1,0,0,2.75,0.55
659,6,0,0,0.27,1.77
660,8,0,0,1.32,0.23
661,1,0,0,2.77,0.55
662,6,0,0,0.27,1.79
663,8,0,0,1.32,0.25
664,1,0,0,2.79,0.55
665,6,0,0,0.27,1.8
666,8,0,0,1.32,0.27
667,1,0,0,2.8,0.55
668,6,0,0,0.27,1.82
669,8,0,0,1.32,0.28
670,1,0,0,2.82,0.55
671,6,0,0,0.27,1.84
672,8,0,0,1.32,0.3
673,1,0,0,2.84,0.55
674,6,0,0,0.27,1.85
675,8,0,0,1.32,0.32
676,1,0,0,2.85,0.55
677,6,0,0,0.27,1.87
678,8,0,0,1.32,0.33
679,1,0,0,2.87,0.55
680,6,0,0,0.27,1.89
681,8,0,0,1.32,0.35
682,1,0,0,2.89,0.55
683,6,0,0,0.27,1.9
684,8,0,0,1.32,0.37
685,1,0,0,2.9,0.55
686,6,0,0,0.27,1.92
687,8,0,0,1.32,0.38
688,1,0,0,2.92,0.55
689,6,0,0,0.27,1.94
690,8,0,0,1.32,0.4
691,1,0,0,2.94,0.55
692,6,0,0,0.27,1.95
693,8,0,0,1.32,0.42
694,1,0,0,2.95,0.55
695,6,0,0,0.27,1.97
696,8,0,0,1.32,0.43
697,1,0,0,2.97,0.55
698,6,0,0,0.27,1.99
699,8,0,0,1.32,0.45
700,1,0,0,2.99,0.55
701,6,0,0,0.27,2.0
702,8,0,0,1.32,0.47
703,1,0,0,3.0,0.55
704,6,0,0,0.27,2.02
705,8,0,0,1.32,0.48
706,1,0,0,3.02,0.55
707,6,0,0,0.27,2.04
708,8,0,0,1.32,0.5
709,1,0,0,3.04,0.55
710,6,0,0,0.27,2.05
711,8,0,0,1.32,0.52
712,1,0,0,3.05,0.55
713,6,0,0,0.27,2.07
714,8,0,0,1.32,0.53
715,1,0,0,3.07,0.55
716,6,0,0,0.27,2.09
717,8,0,0,1.32,0.55
718,1,0,0,3.09,0.55
719,6,0,0,0.27,2.1
720,8,0,0,1.32,0.57
721,1,0,0,3.1,0.55
722,6,0,0,0.27,2.12
723,8,0,0,1.32,0.58
724,1,0,0,3.12,0.55
725,6,0,0,0.27,2.14
726,8,0,0,1.32,0.6
727,1,0,0,3.14,0.55
728,6,0,0,0.27,2.15
729,8,0,0,1.32,0.62
730,1,0,0,3.15,0.55
731,6,0,0,0.27,2.17
732,8,0,0,1.32,0.63
733,1,0,0,3.17,0.55
734,6,0,0,0.27,2.19
735,8,0,0,1.32,0.65
736,1,0,0,3.19,0.55
737,6,0,0,0.27,2.2
738,8,0,0,1.32,0.67
739,1,0,0,3.2,0.55
740,6,0,0,0.27,2.22
741,8,0,0,1.32,0.68
742,1,0,0,3.22,0.55
743,6,0,0,0.27,2.24
744,8,0,0,1.32,0.7
745,1,0,0,3.24,0.55
746,6,0,0,0.27,2.25
747,8,0,0,1.32,0.72
748,1,0,0,3.25,0.55
749,6,0,0,0.27,2.27
750,8,0,0,1.32,0.73
751,1,0,0,3.27,0.55
752,6,0,0,0.27,2.29
753,4,0,0,0,2.05
754,1,0,0,3.29,0.55
755,6,0,0,0.27,2.3
756,4,0,0,0,2.07
757,1,0,0,3.3,0.55
758,6,0,0,0.27,2.32
759,4,0,0,0,2.09
760,1,0,0,3.32,0.55
761,6,0,0,0.27,2.34
762,4,0,0,0,2.1
763,1,0,0,3.34,0.55
764,6,0,0,0.27,2.35
765,1,0,0,3.35,0.55
766,6,0,0,0.27,2.37
767,1,0,0,3.37,0.55
768,6,0,0,0.27,2.39
769,1,0,0,3.39,0.55
770,6,0,0,0.27,2.4
771,1,0,0,3.4,0.55
772,6,0,0,0.27,2.42
773,1,0,0,3.42,0.55
774,6,0,0,0.27,2.44
775,1,0,0,3.44,0.55
776,6,0,0,0.27,2.45
777,8,0,0,1.32,0.75
778,1,0,0,3.45,0.55
779,6,0,0,0.27,2.47
780,8,0,0,1.32,0.77
781,1,0,0,3.47,0.55
782,6,0,0,0.28,2.47
783,8,0,0,1.32,0.78
784,6,0,0,0.3,2.47
785,8,0,0,1.32,0.8
786,6,0,0,0.32,2.47
787,8,0,0,1.32,0.82
788,6,0,0,0.33,2.47
789,8,0,0,1.32,0.83
790,6,0,0,0.35,2.47
791,8,0,0,1.32,0.85
792,6,0,0,0.37,2.47
793,8,0,0,1.32,0.87
794,1,0,0,3.49,0.55
795,6,0,0,0.38,2.47
796,8,0,0,1.32,0.88
797,1,0,0,3.5,0.55
798,6,0,0,0.4,2.47
799,8,0,0,1.32,0.9
800,1,0,0,3.52,0.55
801,4,0,0,0,2.12
802,6,0,0,0.42,2.47
803,8,0,0,1.32,0.92
804,1,0,0,3.54,0.55
805,4,0,0,0,2.14
806,6,0,0,0.43,2.47
807,8,0,0,1.32,0.93
808,1,0,0,3.55,0.55
809,4,0,0,0,2.15
810,6,0,0,0.45,2.47
811,8,0,0,1.32,0.95
812,1,0,0,3.55,0.57
813,4,0,0,0,2.17
814,6,0,0,0.47,2.47
815,8,0,0,1.32,0.97
816,1,0,0,3.55,0.58
817,4,0,0,0,2.19
818,6,0,0,0.48,2.47
819,8,0,0,1.32,0.98
820,1,0,0,3.55,0.6
821,4,0,0,0,2.2
822,6,0,0,0.5,2.47
823,8,0,0,1.32,1.0
824,1,0,0,3.55,0.62
825,4,0,0,0,2.22
826,6,0,0,0.52,2.47
827,8,0,0,1.32,1.02
828,1,0,0,3.55,0.63
829,4,0,0,0,2.24
830,6,0,0,0.53,2.47
831,8,0,0,1.32,1.03
832,1,0,0,3.55,0.65
833,4,0,0,0,2.25
834,6,0,0,0.55,2.47
835,8,0,0,1.32,1.05
836,1,0,0,3.55,0.67
837,4,0,0,0,2.27
838,6,0,0,0.57,2.47
839,8,0,0,1.32,1.07
840,1,0,0,3.55,0.68
841,4,0,0,0,2.29
842,6,0,0,0.58,2.47
843,8,0,0,1.32,1.08
844,1,0,0,3.55,0.7
845,4,0,0,0,2.3
846,6,0,0,0.6,2.47
847,8,0,0,1.32,1.1
848,1,0,0,3.55,0.72
849,4,0,0,0,2.32
850,6,0,0,0.62,2.47
851,8,0,0,1.32,1.12
852,1,0,0,3.55,0.73
853,4,0,0,0,2.34
854,6,0,0,0.63,2.47
855,8,0,0,1.32,1.13
856,1,0,0,3.55,0.75
857,4,0,0,0,2.35
858,6,0,0,0.65,2.47
859,8,0,0,1.32,1.15
860,1,0,0,3.55,0.77
861,4,0,0,0,2.37
862,6,0,0,0.67,2.47
863,8,0,0,1.32,1.17
864,1,0,0,3.55,0.78
865,4,0,0,0,2.39
866,6,0,0,0.68,2.47
867,8,0,0,1.32,1.18
868,1,0,0,3.55,0.8
869,4,0,0,0,2.4
870,6,0,0,0.7,2.47
871,8,0,0,1.32,1.2
872,1,0,0,3.55,0.82
873,4,0,0,0,2.42
874,6,0,0,0.72,2.47
875,8,0,0,1.32,1.22
876,1,0,0,3.55,0.83
877,4,0,0,0,2.44
878,6,0,0,0.73,2.47
879,8,0,0,1.32,1.23
880,1,0,0,3.55,0.85
881,4,0,0,0,2.45
882,6,0,0,0.75,2.47
883,8,0,0,1.32,1.25
884,1,0,0,3.55,0.87
885,4,0,0,0,2.47
886,6,0,0,0.77,2.47
887,8,0,0,1.32,1.27
888,1,0,0,3.55,0.88
889,4,0,0,0,2.49
890,6,0,0,0.78,2.47
891,8,0,0,1.32,1.28
892,1,0,0,3.55,0.9
893,4,0,0,0,2.5
894,6,0,0,0.8,2.47
895,8,0,0,1.32,1.3
896,1,0,0,3.55,0.92
897,4,0,0,0,2.52
898,6,0,0,0.82,2.47
899,8,0,0,1.32,1.32
900,1,0,0,3.55,0.93
901,4,0,0,0,2.54
902,6,0,0,0.83,2.47
903,8,0,0,1.32,1.33
904,1,0,0,3.55,0.95
905,4,0,0,0,2.55
906,6,0,0,0.85,2.47
907,8,0,0,1.32,1.35
908,1,0,0,3.55,0.97
909,4,0,0,0,2.57
910,6,0,0,0.87,2.47
911,8,0,0,1.32,1.37
912,1,0,0,3.55,0.98
913,4,0,0,0,2.59
914,6,0,0,0.88,2.47
915,8,0,0,1.32,1.38
916,1,0,0,3.55,1.0
917,4,0,0,0,2.6
918,6,0,0,0.9,2.47
919,8,0,0,1.32,1.4
920,1,0,0,3.55,1.02
921,4,0,0,0,2.62
922,6,0,0,0.92,2.47
923,8,0,0,1.32,1.42
924,1,0,0,3.55,1.03
925,4,0,0,0,2.64
926,6,0,0,0.93,2.47
927,8,0,0,1.32,1.43
928,1,0,0,3.55,1.05
929,4,0,0,0,2.65
930,6,0,0,0.95,2.47
931,8,0,0,1.32,1.45
932,1,0,0,3.55,1.07
933,4,0,0,0,2.67
934,6,0,0,0.97,2.47
935,8,0,0,1.32,1.47
936,1,0,0,3.55,1.08
937,4,0,0,0,2.69
938,6,0,0,0.98,2.47
939,8,0,0,1.32,1.48
940,1,0,0,3.55,1.1
941,4,0,0,0,2.7
942,6,0,0,1.0,2.47
943,8,0,0,1.32,1.5
944,1,0,0,3.55,1.12
945,4,0,0,0,2.72
946,6,0,0,1.02,2.47
947,8,0,0,1.32,1.52
948,1,0,0,3.55,1.13
949,4,0,0,0,2.74
950,6,0,0,1.03,2.47
951,8,0,0,1.32,1.53
952,1,0,0,3.55,1.15
953,4,0,0,0,2.75
954,6,0,0,1.05,2.47
955,8,0,0,1.32,1.55
956,1,0,0,3.55,1.17
957,4,0,0,0,2.77
958,6,0,0,1.07,2.47
959,8,0,0,1.32,1.57
960,1,0,0,3.55,1.18
961,4,0,0,0,2.79
962,6,0,0,1.08,2.47
963,8,0,0,1.32,1.58
964,1,0,0,3.55,1.2
965,4,0,0,0,2.8
966,6,0,0,1.1,2.47
967,8,0,0,1.32,1.6
968,1,0,0,3.55,1.22
969,4,0,0,0,2.82
970,6,0,0,1.12,2.47
971,8,0,0,1.32,1.62
972,1,0,0,3.55,1.23
973,4,0,0,0,2.84
974,6,0,0,1.13,2.47
975,8,0,0,1.32,1.63
976,1,0,0,3.55,1.25
977,4,0,0,0,2.85
978,6,0,0,1.15,2.47
979,8,0,0,1.32,1.65
980,1,0,0,3.55,1.27
981,4,0,0,0,2.87
982,6,0,0,1.17,2.47
983,8,0,0,1.32,1.67
984,1,0,0,3.55,1.28
985,4,0,0,0,2.89
986,6,0,0,1.18,2.47
987,8,0,0,1.32,1.69
988,1,0,0,3.55,1.3
989,4,0,0,0,2.9
990,6,0,0,1.2,2.47
991,8,0,0,1.32,1.7
992,1,0,0,3.55,1.32
993,4,0,0,0,2.92
994,6,0,0,1.22,2.47
995,8,0,0,1.32,1.72
996,1,0,0,3.55,1.33
997,4,0,0,0,2.94
998,6,0,0,1.23,2.47
999,8,0,0,1.32,1.74
1000,1,0,0,3.55,1.35
1001,4,0,0,0,2.95
1002,6,0,0,1.25,2.47
1003,8,0,0,1.32,1.75
1004,1,0,0,3.55,1.37
1005,4,0,0,0,2.97
1006,6,0,0,1.27,2.47
1007,8,0,0,1.32,1.77
1008,1,0,0,3.55,1.38
1009,4,0,0,0,2.99
1010,6,0,0,1.28,2.47
1011,8,0,0,1.32,1.79
1012,1,0,0,3.55,1.4
1013,4,0,0,0,3.0
1014,8,0,0,1.32,1.8
1015,4,0,0,0,3.02
1016,8,0,0,1.32,1.82
1017,4,0,0,0,3.04
1018,8,0,0,1.32,1.84
1019,4,0,0,0,3.05
1020,8,0,0,1.32,1.85
1021,4,0,0,0,3.07
1022,8,0,0,1.32,1.87
1023,4,0,0,0,3.09
1024,8,0,0,1.32,1.89
1025,4,0,0,0,3.1
1026,8,0,0,1.32,1.9
1027,4,0,0,0,3.12
1028,8,0,0,1.32,1.92
1029,4,0,0,0,3.14
1030,8,0,0,1.32,1.94
1031,4,0,0,0,3.15
1032,6,0,0,1.3,2.47
1033,8,0,0,1.32,1.95
1034,4,0,0,0,3.17
1035,6,0,0,1.32,2.47
1036,8,0,0,1.32,1.97
1037,4,0,0,0,3.19
1038,6,0,0,1.33,2.47
1039,8,0,0,1.32,1.99
1040,4,0,0,0,3.2
1041,6,0,0,1.35,2.47
1042,8,0,0,1.32,2.0
1043,4,0,0,0,3.22
1044,8,0,0,1.32,2.02
1045,4,0,0,0,3.24
1046,8,0,0,1.32,2.04
1047,4,0,0,0,3.25
1048,8,0,0,1.32,2.05
1049,4,0,0,0,3.27
1050,8,0,0,1.32,2.07
1051,4,0,0,0,3.29
1052,1,0,0,3.55,1.42
1053,8,0,0,1.32,2.09
1054,4,0,0,0,3.3
1055,1,0,0,3.55,1.43
1056,8,0,0,1.32,2.1
1057,4,0,0,0,3.32
1058,1,0,0,3.55,1.45
1059,8,0,0,1.32,2.12
1060,4,0,0,0,3.34
1061,1,0,0,3.55,1.47
1062,8,0,0,1.32,2.14
1063,4,0,0,0,3.35
1064,1,0,0,3.55,1.48
1065,8,0,0,1.32,2.15
1066,4,0,0,0,3.37
1067,1,0,0,3.55,1.5
1068,8,0,0,1.32,2.17
1069,4,0,0,0,3.39
1070,1,0,0,3.55,1.52
1071,8,0,0,1.32,2.19
1072,4,0,0,0,3.4
1073,1,0,0,3.55,1.53
1074,8,0,0,1.32,2.2
1075,4,0,0,0,3.42
1076,1,0,0,3.55,1.55
1077,8,0,0,1.32,2.22
1078,4,0,0,0,3.44
1079,1,0,0,3.55,1.57
1080,8,0,0,1.32,2.24
1081,4,0,0,0,3.45
1082,1,0,0,3.55,1.58
1083,6,0,0,1.37,2.47
1084,8,0,0,1.32,2.25
1085,4,0,0,0,3.47
1086,1,0,0,3.55,1.6
1087,6,0,0,1.38,2.47
1088,8,0,0,1.32,2.27
1089,4,0,0,0,3.49
1090,1,0,0,3.55,1.62
1091,6,0,0,1.4,2.47
1092,8,0,0,1.32,2.29
1093,4,0,0,0,3.5
1094,1,0,0,3.55,1.63
1095,6,0,0,1.42,2.47
1096,8,0,0,1.32,2.3
1097,4,0,0,0,3.52
1098,1,0,0,3.55,1.65
1099,6,0,0,1.43,2.47
1100,8,0,0,1.32,2.32
1101,4,0,0,0,3.54
1102,1,0,0,3.55,1.67
1103,6,0,0,1.45,2.47
1104,8,0,0,1.32,2.34
1105,4,0,0,0,3.55
1106,1,0,0,3.55,1.69
1107,6,0,0,1.47,2.47
1108,8,0,0,1.32,2.35
1109,4,0,0,0,3.57
1110,1,0,0,3.55,1.7
1111,6,0,0,1.48,2.47
1112,8,0,0,1.32,2.37
1113,4,0,0,0,3.59
1114,1,0,0,3.55,1.72
1115,6,0,0,1.5,2.47
1116,8,0,0,1.32,2.39
1117,4,0,0,0,3.6
1118,1,0,0,3.55,1.74
1119,6,0,0,1.52,2.47
1120,8,0,0,1.32,2.4
1121,4,0,0,0,3.62
1122,1,0,0,3.55,1.75
1123,6,0,0,1.53,2.47
1124,8,0,0,1.32,2.42
1125,4,0,0,0,3.64
1126,1,0,0,3.55,1.77
1127,6,0,0,1.55,2.47
1128,8,0,0,1.32,2.44
1129,4,0,0,0,3.65
1130,1,0,0,3.55,1.79
1131,6,0,0,1.57,2.47
1132,8,0,0,1.32,2.45
1133,4,0,0,0,3.67
1134,1,0,0,3.55,1.8
1135,6,0,0,1.58,2.47
1136,8,0,0,1.32,2.47
1137,4,0,0,0,3.69
1138,1,0,0,3.55,1.82
1139,6,0,0,1.6,2.47
1140,8,0,0,1.32,2.49
1141,4,0,0,0,3.7
1142,1,0,0,3.55,1.84
1143,6,0,0,1.62,2.47
1144,8,0,0,1.32,2.5
1145,4,0,0,0,3.72
1146,1,0,0,3.55,1.85
1147,6,0,0,1.63,2.47
1148,8,0,0,1.32,2.52
1149,4,0,0,0.02,3.72
1150,1,0,0,3.55,1.87
1151,6,0,0,1.65,2.47
1152,8,0,0,1.32,2.54
1153,4,0,0,0.03,3.72
1154,1,0,0,3.55,1.89
1155,6,0,0,1.67,2.47
1156,8,0,0,1.32,2.55
1157,4,0,0,0.05,3.72
1158,1,0,0,3.55,1.9
1159,6,0,0,1.69,2.47
1160,8,0,0,1.32,2.57
1161,4,0,0,0.07,3.72
1162,1,0,0,3.55,1.92
1163,6,0,0,1.7,2.47
1164,8,0,0,1.32,2.59
1165,4,0,0,0.08,3.72
1166,1,0,0,3.55,1.94
1167,6,0,0,1.72,2.47
1168,8,0,0,1.32,2.6
1169,4,0,0,0.1,3.72
1170,1,0,0,3.55,1.95
1171,6,0,0,1.74,2.47
1172,8,0,0,1.32,2.62
1173,4,0,0,0.12,3.72
1174,1,0,0,3.55,1.97
1175,6,0,0,1.75,2.47
1176,8,0,0,1.32,2.64
1177,4,0,0,0.13,3.72
1178,1,0,0,3.55,1.99
1179,6,0,0,1.77,2.47
1180,8,0,0,1.32,2.65
1181,4,0,0,0.15,3.72
1182,1,0,0,3.55,2.0
1183,6,0,0,1.79,2.47
1184,8,0,0,1.32,2.67
1185,4,0,0,0.17,3.72
1186,1,0,0,3.55,2.02
1187,6,0,0,1.8,2.47
1188,8,0,0,1.32,2.69
1189,4,0,0,0.18,3.72
1190,1,0,0,3.55,2.04
1191,6,0,0,1.82,2.47
1192,8,0,0,1.32,2.7
1193,4,0,0,0.2,3.72
1194,1,0,0,3.55,2.05
1195,6,0,0,1.84,2.47
1196,8,0,0,1.32,2.72
1197,4,0,0,0.22,3.72
1198,1,0,0,3.55,2.07
1199,6,0,0,1.85,2.47
1200,8,0,0,1.32,2.74
1201,4,0,0,0.23,3.72
1202,1,0,0,3.55,2.09
1203,6,0,0,1.87,2.47
1204,8,0,0,1.32,2.75
1205,4,0,0,0.25,3.72
1206,1,0,0,3.55,2.1
1207,6,0,0,1.89,2.47
1208,8,0,0,1.32,2.77
1209,4,0,0,0.27,3.72
1210,1,0,0,3.55,2.12
1211,6,0,0,1.9,2.47
1212,8,0,0,1.32,2.79
1213,4,0,0,0.28,3.72
1214,1,0,0,3.55,2.14
1215,6,0,0,1.92,2.47
1216,8,0,0,1.32,2.8
1217,4,0,0,0.28,3.74
1218,1,0,0,3.55,2.15
1219,6,0,0,1.94,2.47
1220,8,0,0,1.32,2.82
1221,4,0,0,0.28,3.75
1222,1,0,0,3.55,2.17
1223,6,0,0,1.95,2.47
1224,8,0,0,1.32,2.84
1225,4,0,0,0.28,3.77
1226,1,0,0,3.55,2.19
1227,6,0,0,1.97,2.47
1228,8,0,0,1.32,2.85
1229,4,0,0,0.28,3.79
1230,1,0,0,3.55,2.2
1231,6,0,0,1.99,2.47
1232,8,0,0,1.32,2.87
1233,4,0,0,0.28,3.8
1234,1,0,0,3.55,2.22
1235,6,0,0,2.0,2.47
1236,8,0,0,1.32,2.89
1237,4,0,0,0.28,3.82
1238,1,0,0,3.55,2.24
1239,6,0,0,2.02,2.47
1240,8,0,0,1.32,2.9
1241,4,0,0,0.28,3.84
1242,1,0,0,3.55,2.25
1243,6,0,0,2.04,2.47
1244,8,0,0,1.32,2.92
1245,4,0,0,0.28,3.85
1246,1,0,0,3.55,2.27
1247,6,0,0,2.05,2.47
1248,8,0,0,1.32,2.94
1249,4,0,0,0.28,3.87
1250,1,0,0,3.55,2.29
1251,6,0,0,2.07,2.47
1252,8,0,0,1.32,2.95
1253,4,0,0,0.28,3.89
1254,1,0,0,3.55,2.3
1255,6,0,0,2.09,2.47
1256,8,0,0,1.32,2.97
1257,4,0,0,0.28,3.9
1258,1,0,0,3.55,2.32
1259,6,0,0,2.1,2.47
1260,8,0,0,1.32,2.99
1261,4,0,0,0.28,3.92
1262,1,0,0,3.55,2.34
1263,6,0,0,2.12,2.47
1264,8,0,0,1.32,3.0
1265,4,0,0,0.28,3.94
1266,1,0,0,3.55,2.35
1267,6,0,0,2.14,2.47
1268,8,0,0,1.32,3.02
1269,4,0,0,0.28,3.95
1270,1,0,0,3.55,2.37
1271,6,0,0,2.15,2.47
1272,8,0,0,1.32,3.04
1273,4,0,0,0.28,3.97
1274,1,0,0,3.55,2.39
1275,6,0,0,2.17,2.47
1276,8,0,0,1.32,3.05
1277,4,0,0,0.28,3.99
1278,1,0,0,3.55,2.4
1279,6,0,0,2.19,2.47
1280,8,0,0,1.32,3.07
1281,4,0,0,0.28,4.0
1282,1,0,0,3.55,2.42
1283,6,0,0,2.2,2.47
1284,8,0,0,1.32,3.09
1285,4,0,0,0.28,4.02
1286,1,0,0,3.55,2.44
1287,6,0,0,2.22,2.47
1288,8,0,0,1.32,3.1
1289,4,0,0,0.28,4.04
1290,1,0,0,3.55,2.45
1291,6,0,0,2.24,2.47
1292,8,0,0,1.32,3.12
1293,4,0,0,0.28,4.05
1294,1,0,0,3.55,2.47
1295,6,0,0,2.25,2.47
1296,8,0,0,1.32,3.14
1297,4,0,0,0.28,4.07
1298,1,0,0,3.55,2.49
1299,6,0,0,2.27,2.47
1300,8,0,0,1.32,3.15
1301,4,0,0,0.28,4.09
1302,1,0,0,3.55,2.5
1303,6,0,0,2.29,2.47
1304,8,0,0,1.32,3.17
1305,4,0,0,0.28,4.1
1306,1,0,0,3.55,2.52
1307,6,0,0,2.3,2.47
1308,8,0,0,1.32,3.19
1309,4,0,0,0.28,4.12
1310,1,0,0,3.55,2.54
1311,6,0,0,2.32,2.47
1312,8,0,0,1.32,3.2
1313,4,0,0,0.28,4.14
1314,1,0,0,3.55,2.55
1315,6,0,0,2.34,2.47
1316,8,0,0,1.32,3.22
1317,1,0,0,3.55,2.57
1318,6,0,0,2.35,2.47
1319,8,0,0,1.32,3.24
1320,1,0,0,3.55,2.59
1321,6,0,0,2.37,2.47
1322,8,0,0,1.32,3.25
1323,1,0,0,3.55,2.6
1324,6,0,0,2.39,2.47
1325,8,0,0,1.32,3.27
1326,1,0,0,3.55,2.62
1327,6,0,0,2.4,2.47
1328,8,0,0,1.32,3.29
1329,1,0,0,3.55,2.64
1330,6,0,0,2.42,2.47
1331,8,0,0,1.32,3.3
1332,1,0,0,3.55,2.65
1333,6,0,0,2.44,2.47
1334,8,0,0,1.32,3.32
1335,1,0,0,3.55,2.67
1336,6,0,0,2.45,2.47
1337,8,0,0,1.32,3.34
1338,1,0,0,3.55,2.69
1339,6,0,0,2.47,2.47
1340,8,0,0,1.33,3.34
1341,1,0,0,3.55,2.7
1342,6,0,0,2.49,2.47
1343,8,0,0,1.35,3.34
1344,1,0,0,3.55,2.72
1345,6,0,0,2.5,2.47
1346,8,0,0,1.37,3.34
1347,1,0,0,3.55,2.74
1348,6,0,0,2.52,2.47
1349,8,0,0,1.38,3.34
1350,1,0,0,3.55,2.75
1351,6,0,0,2.54,2.47
1352,4,0,0,0.28,4.15
1353,8,0,0,1.4,3.34
1354,1,0,0,3.55,2.77
1355,6,0,0,2.55,2.47
1356,4,0,0,0.28,4.17
1357,8,0,0,1.42,3.34
1358,1,0,0,3.55,2.79
1359,6,0,0,2.57,2.47
1360,8,0,0,1.43,3.34
1361,1,0,0,3.55,2.8
1362,6,0,0,2.59,2.47
1363,8,0,0,1.45,3.34
1364,1,0,0,3.55,2.82
1365,6,0,0,2.6,2.47
1366,8,0,0,1.47,3.34
1367,1,0,0,3.55,2.84
1368,6,0,0,2.62,2.47
1369,8,0,0,1.48,3.34
1370,1,0,0,3.55,2.85
1371,6,0,0,2.64,2.47
1372,8,0,0,1.5,3.34
1373,1,0,0,3.55,2.87
1374,6,0,0,2.65,2.47
1375,8,0,0,1.52,3.34
1376,1,0,0,3.55,2.89
1377,6,0,0,2.67,2.47
1378,8,0,0,1.53,3.34
1379,1,0,0,3.55,2.9
1380,6,0,0,2.69,2.47
1381,8,0,0,1.55,3.34
1382,1,0,0,3.57,2.9
1383,6,0,0,2.7,2.47
1384,8,0,0,1.57,3.34
1385,1,0,0,3.59,2.9
1386,6,0,0,2.72,2.47
1387,4,0,0,0.28,4.19
1388,8,0,0,1.58,3.34
1389,1,0,0,3.6,2.9
1390,6,0,0,2.74,2.47
1391,4,0,0,0.28,4.2
1392,8,0,0,1.6,3.34
1393,1,0,0,3.62,2.9
1394,6,0,0,2.75,2.47
1395,4,0,0,0.28,4.22
1396,8,0,0,1.62,3.34
1397,1,0,0,3.64,2.9
1398,6,0,0,2.77,2.47
1399,4,0,0,0.28,4.24
1400,8,0,0,1.63,3.34
1401,1,0,0,3.65,2.9
1402,6,0,0,2.79,2.47
1403,4,0,0,0.28,4.25
1404,8,0,0,1.65,3.34
1405,1,0,0,3.67,2.9
1406,6,0,0,2.8,2.47
1407,4,0,0,0.28,4.27
1408,1,0,0,3.69,2.9
1409,6,0,0,2.82,2.47
1410,4,0,0,0.28,4.29
1411,1,0,0,3.7,2.9
1412,6,0,0,2.84,2.47
1413,4,0,0,0.28,4.3
1414,1,0,0,3.72,2.9
1415,6,0,0,2.85,2.47
1416,4,0,0,0.28,4.32
1417,1,0,0,3.74,2.9
1418,6,0,0,2.87,2.47
1419,4,0,0,0.28,4.34
1420,1,0,0,3.75,2.9
1421,6,0,0,2.89,2.47
1422,4,0,0,0.28,4.35
1423,1,0,0,3.77,2.9
1424,6,0,0,2.9,2.47
1425,4,0,0,0.28,4.37
1426,1,0,0,3.79,2.9
1427,6,0,0,2.92,2.47
1428,4,0,0,0.28,4.39
1429,1,0,0,3.8,2.9
1430,6,0,0,2.94,2.47
1431,4,0,0,0.28,4.4
1432,6,0,0,2.95,2.47
1433,4,0,0,0.28,4.42
1434,8,0,0,1.67,3.34
1435,6,0,0,2.97,2.47
1436,4,0,0,0.28,4.44
1437,8,0,0,1.69,3.34
1438,6,0,0,2.99,2.47
1439,4,0,0,0.28,4.45
1440,8,0,0,1.7,3.34
1441,6,0,0,3.0,2.47
1442,4,0,0,0.28,4.47
1443,1,0,0,3.82,2.9
1444,6,0,0,3.02,2.47
1445,4,0,0,0.28,4.49
1446,1,0,0,3.84,2.9
1447,4,0,0,0.28,4.5
1448,1,0,0,3.85,2.9
1449,4,0,0,0.28,4.52
1450,1,0,0,3.87,2.9
1451,4,0,0,0.28,4.54
1452,1,0,0,3.89,2.9
1453,4,0,0,0.28,4.55
1454,1,0,0,3.9,2.9
1455,4,0,0,0.28,4.57
1456,1,0,0,3.92,2.9
1457,4,0,0,0.28,4.59
1458,1,0,0,3.94,2.9
1459,8,0,0,1.72,3.34
1460,4,0,0,0.28,4.6
1461,1,0,0,3.95,2.9
1462,8,0,0,1.74,3.34
1463,4,0,0,0.28,4.62
1464,1,0,0,3.97,2.9
1465,8,0,0,1.75,3.34
1466,4,0,0,0.28,4.64
1467,1,0,0,3.99,2.9
1468,8,0,0,1.77,3.34
1469,4,0,0,0.28,4.65
1470,1,0,0,4.0,2.9
1471,8,0,0,1.79,3.34
1472,4,0,0,0.28,4.67
1473,1,0,0,4.02,2.9
1474,8,0,0,1.8,3.34
1475,4,0,0,0.28,4.69
1476,1,0,0,4.04,2.9
1477,8,0,0,1.82,3.34
1478,4,0,0,0.28,4.7
1479,1,0,0,4.05,2.9
1480,8,0,0,1.84,3.34
1481,4,0,0,0.28,4.72
1482,1,0,0,4.07,2.9
1483,8,0,0,1.85,3.34
1484,4,0,0,0.28,4.74
1485,1,0,0,4.09,2.9
1486,8,0,0,1.87,3.34
1487,4,0,0,0.28,4.75
1488,1,0,0,4.1,2.9
1489,8,0,0,1.89,3.34
1490,4,0,0,0.28,4.77
1491,1,0,0,4.12,2.9
1492,8,0,0,1.9,3.34
1493,4,0,0,0.28,4.79
1494,1,0,0,4.14,2.9
1495,8,0,0,1.92,3.34
1496,11,0,0,0.02,0
1497,4,0,0,0.28,4.8
1498,1,0,0,4.15,2.9
1499,8,0,0,1.94,3.34
1500,11,0,0,0.03,0
1501,4,0,0,0.28,4.82
1502,1,0,0,4.17,2.9
1503,8,0,0,1.95,3.34
1504,11,0,0,0.05,0
1505,4,0,0,0.28,4.84
1506,1,0,0,4.19,2.9
1507,8,0,0,1.97,3.34
1508,11,0,0,0.07,0
1509,4,0,0,0.28,4.85
1510,1,0,0,4.2,2.9
1511,8,0,0,1.99,3.34
1512,11,0,0,0.08,0
1513,4,0,0,0.28,4.87
1514,1,0,0,4.22,2.9
1515,8,0,0,2.0,3.34
1516,11,0,0,0.1,0
1517,4,0,0,0.28,4.89
1518,1,0,0,4.24,2.9
1519,8,0,0,2.02,3.34
1520,11,0,0,0.12,0
1521,4,0,0,0.28,4.9
1522,1,0,0,4.25,2.9
1523,8,0,0,2.04,3.34
1524,11,0,0,0.13,0
1525,4,0,0,0.28,4.92
1526,1,0,0,4.27,2.9
1527,8,0,0,2.05,3.34
1528,11,0,0,0.15,0
1529,4,0,0,0.28,4.94
1530,1,0,0,4.29,2.9
1531,8,0,0,2.07,3.34
1532,11,0,0,0.17,0
1533,4,0,0,0.28,4.95
1534,1,0,0,4.3,2.9
1535,8,0,0,2.09,3.34
1536,11,0,0,0.18,0
1537,4,0,0,0.28,4.97
1538,1,0,0,4.32,2.9
1539,8,0,0,2.1,3.34
1540,11,0,0,0.2,0
1541,4,0,0,0.28,4.99
1542,1,0,0,4.34,2.9
1543,8,0,0,2.12,3.34
1544,11,0,0,0.22,0
1545,4,0,0,0.28,5.0
1546,1,0,0,4.35,2.9
1547,8,0,0,2.14,3.34
1548,11,0,0,0.23,0
1549,4,0,0,0.28,5.02
1550,1,0,0,4.37,2.9
1551,8,0,0,2.15,3.34
1552,11,0,0,0.25,0
1553,4,0,0,0.28,5.04
1554,1,0,0,4.39,2.9
1555,8,0,0,2.17,3.34
1556,11,0,0,0.27,0
1557,4,0,0,0.28,5.06
1558,1,0,0,4.4,2.9
1559,8,0,0,2.19,3.34
1560,11,0,0,0.28,0
1561,4,0,0,0.28,5.07
1562,1,0,0,4.42,2.9
1563,8,0,0,2.2,3.34
1564,11,0,0,0.3,0
1565,4,0,0,0.28,5.09
1566,1,0,0,4.44,2.9
1567,8,0,0,2.22,3.34
1568,11,0,0,0.32,0
1569,4,0,0,0.28,5.11
1570,1,0,0,4.45,2.9
1571,8,0,0,2.24,3.34
1572,4,0,0,0.28,5.12
1573,1,0,0,4.47,2.9
1574,8,0,0,2.25,3.34
1575,4,0,0,0.28,5.14
1576,1,0,0,4.49,2.9
1577,8,0,0,2.27,3.34
1578,4,0,0,0.28,5.16
1579,1,0,0,4.5,2.9
1580,8,0,0,2.29,3.34
1581,4,0,0,0.28,5.17
1582,1,0,0,4.52,2.9
1583,8,0,0,2.3,3.34
1584,4,0,0,0.28,5.19
1585,1,0,0,4.54,2.9
1586,8,0,0,2.32,3.34
1587,4,0,0,0.28,5.21
1588,1,0,0,4.55,2.9
1589,8,0,0,2.34,3.34
1590,4,0,0,0.28,5.22
1591,1,0,0,4.57,2.9
1592,8,0,0,2.35,3.34
1593,4,0,0,0.3,5.22
1594,1,0,0,4.59,2.9
1595,8,0,0,2.37,3.34
1596,11,0,0,0.32,0.02
1597,4,0,0,0.32,5.22
1598,1,0,0,4.6,2.9
1599,8,0,0,2.39,3.34
1600,11,0,0,0.32,0.03
1601,4,0,0,0.33,5.22
1602,1,0,0,4.62,2.9
1603,8,0,0,2.4,3.34
1604,11,0,0,0.32,0.05
1605,4,0,0,0.35,5.22
1606,1,0,0,4.64,2.9
1607,8,0,0,2.42,3.34
1608,11,0,0,0.32,0.07
1609,4,0,0,0.37,5.22
1610,1,0,0,4.65,2.9
1611,8,0,0,2.44,3.34
1612,11,0,0,0.32,0.08
1613,4,0,0,0.38,5.22
1614,1,0,0,4.67,2.9
1615,8,0,0,2.45,3.34
1616,11,0,0,0.32,0.1
1617,4,0,0,0.4,5.22
1618,1,0,0,4.69,2.9
1619,8,0,0,2.47,3.34
1620,11,0,0,0.32,0.12
1621,4,0,0,0.42,5.22
1622,1,0,0,4.7,2.9
1623,8,0,0,2.49,3.34
1624,11,0,0,0.32,0.13
1625,4,0,0,0.43,5.22
1626,1,0,0,4.72,2.9
1627,8,0,0,2.5,3.34
1628,11,0,0,0.32,0.15
1629,4,0,0,0.45,5.22
1630,1,0,0,4.74,2.9
1631,8,0,0,2.52,3.34
1632,11,0,0,0.32,0.17
1633,4,0,0,0.47,5.22
1634,1,0,0,4.75,2.9
1635,8,0,0,2.54,3.34
1636,11,0,0,0.32,0.18
1637,4,0,0,0.48,5.22
1638,1,0,0,4.77,2.9
1639,8,0,0,2.55,3.34
1640,11,0,0,0.32,0.2
1641,4,0,0,0.5,5.22
1642,1,0,0,4.79,2.9
1643,8,0,0,2.57,3.34
1644,11,0,0,0.32,0.22
1645,4,0,0,0.52,5.22
1646,1,0,0,4.8,2.9
1647,8,0,0,2.59,3.34
1648,11,0,0,0.32,0.23
1649,4,0,0,0.53,5.22
1650,1,0,0,4.82,2.9
1651,8,0,0,2.6,3.34
1652,11,0,0,0.32,0.25
1653,4,0,0,0.55,5.22
1654,1,0,0,4.84,2.9
1655,8,0,0,2.62,3.34
1656,11,0,0,0.32,0.27
1657,4,0,0,0.57,5.22
1658,1,0,0,4.85,2.9
1659,8,0,0,2.64,3.34
1660,11,0,0,0.32,0.28
1661,4,0,0,0.58,5.22
1662,1,0,0,4.87,2.9
1663,8,0,0,2.65,3.34
1664,11,0,0,0.32,0.3
1665,4,0,0,0.6,5.22
1666,1,0,0,4.89,2.9
1667,8,0,0,2.67,3.34
1668,11,0,0,0.32,0.32
1669,4,0,0,0.62,5.22
1670,1,0,0,4.9,2.9
1671,8,0,0,2.69,3.34
1672,11,0,0,0.32,0.33
1673,4,0,0,0.63,5.22
1674,1,0,0,4.92,2.9
1675,8,0,0,2.7,3.34
1676,11,0,0,0.32,0.35
1677,4,0,0,0.65,5.22
1678,1,0,0,4.94,2.9
1679,8,0,0,2.72,3.34
1680,11,0,0,0.32,0.37
1681,4,0,0,0.67,5.22
1682,1,0,0,4.95,2.9
1683,8,0,0,2.74,3.34
1684,11,0,0,0.32,0.38
1685,4,0,0,0.68,5.22
1686,1,0,0,4.97,2.9
1687,8,0,0,2.75,3.34
1688,11,0,0,0.32,0.4
1689,4,0,0,0.7,5.22
1690,1,0,0,4.99,2.9
1691,8,0,0,2.77,3.34
1692,11,0,0,0.32,0.42
1693,4,0,0,0.72,5.22
1694,1,0,0,5.0,2.9
1695,8,0,0,2.79,3.34
1696,11,0,0,0.32,0.43
1697,4,0,0,0.73,5.22
1698,1,0,0,5.02,2.9
1699,8,0,0,2.8,3.34
1700,11,0,0,0.32,0.45
1701,4,0,0,0.75,5.22
1702,1,0,0,5.04,2.9
1703,8,0,0,2.82,3.34
1704,11,0,0,0.32,0.47
1705,4,0,0,0.77,5.22
1706,1,0,0,5.06,2.9
1707,8,0,0,2.84,3.34
1708,11,0,0,0.32,0.48
1709,4,0,0,0.78,5.22
1710,1,0,0,5.07,2.9
1711,8,0,0,2.85,3.34
1712,11,0,0,0.32,0.5
1713,4,0,0,0.8,5.22
1714,1,0,0,5.09,2.9
1715,8,0,0,2.87,3.34
1716,11,0,0,0.32,0.52
1717,4,0,0,0.82,5.22
1718,1,0,0,5.11,2.9
1719,8,0,0,2.89,3.34
1720,11,0,0,0.32,0.53
1721,4,0,0,0.83,5.22
1722,1,0,0,5.12,2.9
1723,8,0,0,2.9,3.34
1724,11,0,0,0.32,0.55
1725,4,0,0,0.85,5.22
1726,1,0,0,5.14,2.9
1727,8,0,0,2.92,3.34
1728,11,0,0,0.32,0.57
1729,4,0,0,0.87,5.22
1730,1,0,0,5.16,2.9
1731,8,0,0,2.94,3.34
1732,11,0,0,0.32,0.58
1733,4,0,0,0.88,5.22
1734,1,0,0,5.17,2.9
1735,8,0,0,2.95,3.34
1736,11,0,0,0.32,0.6
1737,4,0,0,0.9,5.22
1738,1,0,0,5.19,2.9
1739,8,0,0,2.97,3.34
1740,11,0,0,0.32,0.62
1741,4,0,0,0.92,5.22
1742,1,0,0,5.21,2.9
1743,8,0,0,2.99,3.34
1744,11,0,0,0.32,0.63
1745,4,0,0,0.93,5.22
1746,1,0,0,5.22,2.9
1747,8,0,0,3.0,3.34
1748,11,0,0,0.32,0.65
1749,4,0,0,0.95,5.22
1750,1,0,0,5.24,2.9
1751,8,0,0,3.02,3.34
1752,11,0,0,0.32,0.67
1753,4,0,0,0.97,5.22
1754,1,0,0,5.26,2.9
1755,8,0,0,3.04,3.34
1756,11,0,0,0.32,0.68
1757,4,0,0,0.98,5.22
1758,1,0,0,5.27,2.9
1759,8,0,0,3.05,3.34
1760,11,0,0,0.32,0.7
1761,4,0,0,1.0,5.22
1762,1,0,0,5.29,2.9
1763,11,0,0,0.32,0.72
1764,4,0,0,1.02,5.22
1765,1,0,0,5.31,2.9
1766,11,0,0,0.32,0.73
1767,4,0,0,1.03,5.22
1768,1,0,0,5.32,2.9
1769,11,0,0,0.32,0.75
1770,4,0,0,1.05,5.22
1771,1,0,0,5.34,2.9
1772,11,0,0,0.32,0.77
1773,4,0,0,1.07,5.22
1774,1,0,0,5.36,2.9
1775,11,0,0,0.32,0.78
1776,4,0,0,1.08,5.22
1777,1,0,0,5.37,2.9
1778,11,0,0,0.32,0.8
1779,4,0,0,1.1,5.22
1780,1,0,0,5.39,2.9
1781,11,0,0,0.32,0.82
1782,4,0,0,1.12,5.22
1783,1,0,0,5.41,2.9
1784,11,0,0,0.32,0.83
1785,4,0,0,1.13,5.22
1786,1,0,0,5.42,2.9
1787,11,0,0,0.32,0.85
1788,4,0,0,1.15,5.22
1789,1,0,0,5.44,2.9
1790,11,0,0,0.32,0.87
1791,4,0,0,1.17,5.22
1792,1,0,0,5.46,2.9
1793,11,0,0,0.32,0.88
1794,4,0,0,1.18,5.22
1795,1,0,0,5.47,2.9
1796,11,0,0,0.32,0.9
1797,4,0,0,1.2,5.22
1798,1,0,0,5.49,2.9
1799,11,0,0,0.32,0.92
1800,4,0,0,1.22,5.22
1801,1,0,0,5.51,2.9
1802,11,0,0,0.32,0.93
1803,4,0,0,1.23,5.22
1804,1,0,0,5.52,2.9
1805,11,0,0,0.32,0.95
1806,4,0,0,1.25,5.22
1807,1,0,0,5.54,2.9
1808,11,0,0,0.32,0.97
1809,4,0,0,1.27,5.22
1810,1,0,0,5.56,2.9
1811,11,0,0,0.32,0.98
1812,4,0,0,1.28,5.22
1813,11,0,0,0.32,1.0
1814,4,0,0,1.3,5.22
1815,11,0,0,0.32,1.02
1816,4,0,0,1.32,5.22
1817,11,0,0,0.32,1.03
1818,4,0,0,1.33,5.22
1819,11,0,0,0.32,1.05
1820,4,0,0,1.35,5.22
1821,11,0,0,0.32,1.07
1822,4,0,0,1.37,5.22
1823,11,0,0,0.32,1.08
1824,4,0,0,1.38,5.22
1825,11,0,0,0.32,1.1
1826,4,0,0,1.4,5.22
1827,11,0,0,0.32,1.12
1828,1,0,0,5.57,2.9
1829,4,0,0,1.42,5.22
1830,11,0,0,0.32,1.13
1831,1,0,0,5.59,2.9
1832,4,0,0,1.43,5.22
1833,11,0,0,0.32,1.15
1834,1,0,0,5.61,2.9
1835,4,0,0,1.45,5.22
1836,11,0,0,0.32,1.17
1837,1,0,0,5.62,2.9
1838,4,0,0,1.47,5.22
1839,11,0,0,0.32,1.18
1840,1,0,0,5.64,2.9
1841,4,0,0,1.48,5.22
1842,11,0,0,0.32,1.2
1843,1,0,0,5.66,2.9
1844,4,0,0,1.5,5.22
1845,11,0,0,0.32,1.22
1846,1,0,0,5.67,2.9
1847,4,0,0,1.52,5.22
1848,11,0,0,0.32,1.23
1849,1,0,0,5.69,2.9
1850,4,0,0,1.53,5.22
1851,11,0,0,0.32,1.25
1852,1,0,0,5.71,2.9
1853,4,0,0,1.55,5.22
1854,11,0,0,0.32,1.27
1855,1,0,0,5.72,2.9
1856,4,0,0,1.57,5.22
1857,11,0,0,0.32,1.28
1858,1,0,0,5.74,2.9
1859,4,0,0,1.58,5.22
1860,11,0,0,0.32,1.3
1861,1,0,0,5.76,2.9
1862,4,0,0,1.6,5.22
1863,11,0,0,0.32,1.32
1864,1,0,0,5.77,2.9
1865,4,0,0,1.62,5.22
1866,11,0,0,0.32,1.33
1867,1,0,0,5.79,2.9
1868,4,0,0,1.63,5.22
1869,11,0,0,0.32,1.35
1870,1,0,0,5.81,2.9
1871,4,0,0,1.65,5.22
1872,11,0,0,0.32,1.37
1873,1,0,0,5.82,2.9
1874,4,0,0,1.67,5.22
1875,11,0,0,0.32,1.38
1876,1,0,0,5.84,2.9
1877,4,0,0,1.69,5.22
1878,11,0,0,0.32,1.4
1879,1,0,0,5.86,2.9
1880,4,0,0,1.7,5.22
1881,11,0,0,0.32,1.42
1882,1,0,0,5.87,2.9
1883,4,0,0,1.72,5.22
1884,11,0,0,0.32,1.43
1885,1,0,0,5.89,2.9
1886,4,0,0,1.74,5.22
1887,11,0,0,0.32,1.45
1888,1,0,0,5.91,2.9
1889,4,0,0,1.75,5.22
1890,11,0,0,0.32,1.47
1891,1,0,0,5.92,2.9
1892,4,0,0,1.77,5.22
1893,11,0,0,0.32,1.48
1894,1,0,0,5.92,2.92
1895,4,0,0,1.79,5.22
1896,11,0,0,0.32,1.5
1897,1,0,0,5.92,2.94
1898,4,0,0,1.8,5.22
1899,11,0,0,0.32,1.52
1900,1,0,0,5.92,2.95
1901,4,0,0,1.82,5.22
1902,11,0,0,0.32,1.53
1903,1,0,0,5.92,2.97
1904,4,0,0,1.84,5.22
1905,11,0,0,0.32,1.55
1906,1,0,0,5.92,2.99
1907,4,0,0,1.85,5.22
1908,11,0,0,0.32,1.57
1909,1,0,0,5.92,3.0
1910,4,0,0,1.87,5.22
1911,11,0,0,0.32,1.58
1912,1,0,0,5.92,3.02
1913,4,0,0,1.89,5.22
1914,11,0,0,0.32,1.6
1915,1,0,0,5.92,3.04
1916,4,0,0,1.9,5.22
1917,11,0,0,0.32,1.62
1918,1,0,0,5.92,3.05
1919,4,0,0,1.92,5.22
1920,11,0,0,0.32,1.63
1921,1,0,0,5.92,3.07
1922,4,0,0,1.94,5.22
1923,11,0,0,0.32,1.65
1924,1,0,0,5.92,3.09
1925,4,0,0,1.95,5.22
1926,11,0,0,0.32,1.67
1927,1,0,0,5.92,3.1
1928,4,0,0,1.97,5.22
1929,11,0,0,0.32,1.69
1930,1,0,0,5.92,3.12
1931,4,0,0,1.99,5.22
1932,11,0,0,0.32,1.7
1933,1,0,0,5.92,3.14
1934,4,0,0,2.0,5.22
1935,11,0,0,0.32,1.72
1936,1,0,0,5.92,3.15
1937,4,0,0,2.02,5.22
1938,11,0,0,0.32,1.74
1939,1,0,0,5.92,3.17
1940,4,0,0,2.04,5.22
1941,11,0,0,0.32,1.75
1942,1,0,0,5.92,3.19
1943,4,0,0,2.05,5.22
1944,11,0,0,0.32,1.77
1945,1,0,0,5.92,3.2
1946,4,0,0,2.07,5.22
1947,11,0,0,0.32,1.79
1948,1,0,0,5.92,3.22
1949,4,0,0,2.09,5.22
1950,11,0,0,0.32,1.8
1951,1,0,0,5.92,3.24
1952,4,0,0,2.1,5.22
1953,11,0,0,0.32,1.82
1954,1,0,0,5.92,3.25
1955,4,0,0,2.12,5.22
1956,11,0,0,0.32,1.84
1957,1,0,0,5.92,3.27
1958,4,0,0,2.14,5.22
1959,11,0,0,0.32,1.85
1960,1,0,0,5.92,3.29
1961,4,0,0,2.15,5.22
1962,11,0,0,0.32,1.87
1963,1,0,0,5.92,3.3
1964,4,0,0,2.17,5.22
1965,11,0,0,0.32,1.89
1966,1,0,0,5.92,3.32
1967,4,0,0,2.19,5.22
1968,11,0,0,0.32,1.9
1969,4,0,0,2.2,5.22
1970,11,0,0,0.32,1.92
1971,4,0,0,2.22,5.22
1972,11,0,0,0.32,1.94
1973,4,0,0,2.24,5.22
1974,11,0,0,0.32,1.95
1975,4,0,0,2.25,5.22
1976,11,0,0,0.32,1.97
1977,4,0,0,2.27,5.22
1978,11,0,0,0.32,1.99
1979,4,0,0,2.29,5.22
1980,11,0,0,0.32,2.0
1981,12,0,0,0.02,0
1982,1,0,0,5.92,3.34
1983,4,0,0,2.3,5.22
1984,11,0,0,0.32,2.02
1985,12,0,0,0.03,0
1986,1,0,0,5.92,3.35
1987,4,0,0,2.32,5.22
1988,11,0,0,0.32,2.04
1989,12,0,0,0.05,0
1990,1,0,0,5.92,3.37
1991,4,0,0,2.34,5.22
1992,11,0,0,0.32,2.05
1993,12,0,0,0.07,0
1994,1,0,0,5.92,3.39
1995,4,0,0,2.35,5.22
1996,11,0,0,0.32,2.07
1997,12,0,0,0.08,0
1998,1,0,0,5.92,3.4
1999,4,0,0,2.37,5.22
2000,11,0,0,0.32,2.09
2001,12,0,0,0.1,0
2002,1,0,0,5.92,3.42
2003,4,0,0,2.39,5.22
2004,11,0,0,0.32,2.1
2005,12,0,0,0.12,0
2006,1,0,0,5.92,3.44
2007,4,0,0,2.4,5.22
2008,11,0,0,0.32,2.12
2009,12,0,0,0.13,0
2010,1,0,0,5.92,3.45
2011,4,0,0,2.42,5.22
2012,11,0,0,0.32,2.14
2013,12,0,0,0.15,0
2014,1,0,0,5.92,3.47
2015,4,0,0,2.44,5.22
2016,11,0,0,0.32,2.15
2017,12,0,0,0.17,0
2018,1,0,0,5.92,3.49
2019,4,0,0,2.45,5.22
2020,11,0,0,0.32,2.17
2021,12,0,0,0.18,0
2022,1,0,0,5.92,3.5
2023,4,0,0,2.47,5.22
2024,11,0,0,0.33,2.17
2025,12,0,0,0.2,0
2026,1,0,0,5.92,3.52
2027,4,0,0,2.49,5.22
2028,11,0,0,0.35,2.17
2029,12,0,0,0.22,0
2030,1,0,0,5.92,3.54
2031,11,0,0,0.37,2.17
2032,12,0,0,0.23,0
2033,1,0,0,5.92,3.55
2034,11,0,0,0.38,2.17
2035,12,0,0,0.25,0
2036,1,0,0,5.92,3.57
2037,11,0,0,0.4,2.17
2038,12,0,0,0.27,0
2039,1,0,0,5.92,3.59
2040,11,0,0,0.42,2.17
2041,12,0,0,0.28,0
2042,1,0,0,5.92,3.6
2043,11,0,0,0.43,2.17
2044,12,0,0,0.3,0
2045,1,0,0,5.92,3.62
2046,11,0,0,0.45,2.17
2047,12,0,0,0.32,0
2048,1,0,0,5.92,3.64
2049,11,0,0,0.47,2.17
2050,12,0,0,0.33,0
2051,1,0,0,5.92,3.65
2052,11,0,0,0.48,2.17
2053,12,0,0,0.35,0
2054,1,0,0,5.92,3.67
2055,11,0,0,0.5,2.17
2056,1,0,0,5.92,3.69
2057,11,0,0,0.52,2.17
2058,1,0,0,5.92,3.7
2059,12,0,0,0.37,0
2060,11,0,0,0.53,2.17
2061,1,0,0,5.92,3.72
2062,12,0,0,0.38,0
2063,4,0,0,2.5,5.22
2064,11,0,0,0.55,2.17
2065,1,0,0,5.92,3.74
2066,4,0,0,2.52,5.22
2067,11,0,0,0.57,2.17
2068,1,0,0,5.92,3.75
2069,4,0,0,2.54,5.22
2070,11,0,0,0.58,2.17
2071,1,0,0,5.92,3.77
2072,4,0,0,2.55,5.22
2073,11,0,0,0.6,2.17
2074,1,0,0,5.92,3.79
2075,4,0,0,2.57,5.22
2076,11,0,0,0.62,2.17
2077,1,0,0,5.92,3.8
2078,4,0,0,2.59,5.22
2079,11,0,0,0.63,2.17
2080,1,0,0,5.92,3.82
2081,4,0,0,2.6,5.22
2082,11,0,0,0.65,2.17
2083,1,0,0,5.92,3.84
2084,4,0,0,2.62,5.22
2085,11,0,0,0.67,2.17
2086,1,0,0,5.92,3.85
2087,4,0,0,2.64,5.22
2088,11,0,0,0.68,2.17
2089,1,0,0,5.92,3.87
2090,4,0,0,2.65,5.22
2091,11,0,0,0.7,2.17
2092,1,0,0,5.92,3.89
2093,4,0,0,2.67,5.22
2094,11,0,0,0.72,2.17
2095,1,0,0,5.92,3.9
2096,4,0,0,2.69,5.22
2097,11,0,0,0.73,2.17
2098,1,0,0,5.92,3.92
2099,4,0,0,2.7,5.22
2100,11,0,0,0.75,2.17
2101,1,0,0,5.92,3.94
2102,4,0,0,2.72,5.22
2103,11,0,0,0.77,2.17
2104,1,0,0,5.92,3.95
2105,4,0,0,2.74,5.22
2106,11,0,0,0.78,2.17
2107,1,0,0,5.92,3.97
2108,4,0,0,2.75,5.22
2109,11,0,0,0.8,2.17
2110,1,0,0,5.92,3.99
2111,4,0,0,2.77,5.22
2112,11,0,0,0.82,2.17
2113,1,0,0,5.92,4.0
2114,4,0,0,2.77,5.24
2115,13,0,0,0.02,0
2116,11,0,0,0.83,2.17
2117,1,0,0,5.92,4.02
2118,4,0,0,2.77,5.26
2119,13,0,0,0.03,0
2120,11,0,0,0.85,2.17
2121,1,0,0,5.92,4.04
2122,4,0,0,2.77,5.27
2123,13,0,0,0.05,0
2124,11,0,0,0.87,2.17
2125,1,0,0,5.92,4.05
2126,4,0,0,2.77,5.29
2127,13,0,0,0.07,0
2128,11,0,0,0.88,2.17
2129,1,0,0,5.92,4.07
2130,4,0,0,2.77,5.31
2131,13,0,0,0.08,0
2132,11,0,0,0.9,2.17
2133,1,0,0,5.92,4.09
2134,4,0,0,2.77,5.32
2135,13,0,0,0.1,0
2136,11,0,0,0.92,2.17
2137,1,0,0,5.92,4.1
2138,4,0,0,2.77,5.34
2139,13,0,0,0.12,0
2140,11,0,0,0.93,2.17
2141,1,0,0,5.92,4.12
2142,4,0,0,2.77,5.36
2143,13,0,0,0.13,0
2144,11,0,0,0.95,2.17
2145,1,0,0,5.92,4.14
2146,4,0,0,2.77,5.37
2147,13,0,0,0.15,0
2148,11,0,0,0.97,2.17
2149,1,0,0,5.92,4.15
2150,4,0,0,2.77,5.39
2151,13,0,0,0.17,0
2152,11,0,0,0.98,2.17
2153,1,0,0,5.92,4.17
2154,4,0,0,2.77,5.41
2155,13,0,0,0.18,0
2156,11,0,0,1.0,2.17
2157,1,0,0,5.92,4.19
2158,4,0,0,2.77,5.42
2159,13,0,0,0.2,0
2160,11,0,0,1.02,2.17
2161,1,0,0,5.92,4.2
2162,4,0,0,2.77,5.44
2163,13,0,0,0.22,0
2164,11,0,0,1.03,2.17
2165,1,0,0,5.92,4.22
2166,4,0,0,2.77,5.46
2167,13,0,0,0.23,0
2168,11,0,0,1.05,2.17
2169,1,0,0,5.92,4.24
2170,4,0,0,2.77,5.47
2171,13,0,0,0.25,0
2172,11,0,0,1.07,2.17
2173,1,0,0,5.92,4.25
2174,4,0,0,2.77,5.49
2175,13,0,0,0.27,0
2176,11,0,0,1.08,2.17
2177,1,0,0,5.92,4.27
2178,4,0,0,2.77,5.51
2179,13,0,0,0.28,0
2180,11,0,0,1.1,2.17
2181,1,0,0,5.92,4.29
2182,4,0,0,2.77,5.52
2183,13,0,0,0.3,0
2184,11,0,0,1.12,2.17
2185,1,0,0,5.92,4.3
2186,4,0,0,2.77,5.54
2187,13,0,0,0.32,0
2188,11,0,0,1.13,2.17
2189,1,0,0,5.92,4.32
2190,4,0,0,2.77,5.56
2191,13,0,0,0.33,0
2192,11,0,0,1.15,2.17
2193,1,0,0,5.92,4.34
2194,4,0,0,2.77,5.57
2195,13,0,0,0.35,0
2196,11,0,0,1.17,2.17
2197,1,0,0,5.92,4.35
2198,4,0,0,2.77,5.59
2199,13,0,0,0.37,0
2200,11,0,0,1.18,2.17
2201,1,0,0,5.92,4.37
2202,4,0,0,2.77,5.61
2203,13,0,0,0.38,0
2204,11,0,0,1.2,2.17
2205,1,0,0,5.92,4.39
2206,4,0,0,2.77,5.62
2207,13,0,0,0.4,0
2208,11,0,0,1.22,2.17
2209,1,0,0,5.92,4.4
2210,4,0,0,2.77,5.64
2211,13,0,0,0.42,0
2212,11,0,0,1.23,2.17
2213,1,0,0,5.92,4.42
2214,4,0,0,2.77,5.66
2215,13,0,0,0.43,0
2216,11,0,0,1.25,2.17
2217,1,0,0,5.92,4.44
2218,4,0,0,2.77,5.67
2219,13,0,0,0.45,0
2220,11,0,0,1.27,2.17
2221,1,0,0,5.92,4.45
2222,4,0,0,2.77,5.69
2223,13,0,0,0.47,0
2224,11,0,0,1.28,2.17
2225,1,0,0,5.92,4.47
2226,4,0,0,2.77,5.71
2227,13,0,0,0.48,0
2228,11,0,0,1.3,2.17
2229,1,0,0,5.92,4.49
2230,4,0,0,2.77,5.72
2231,13,0,0,0.5,0
2232,11,0,0,1.32,2.17
2233,1,0,0,5.92,4.5
2234,4,0,0,2.77,5.74
2235,13,0,0,0.52,0
2236,11,0,0,1.33,2.17
2237,1,0,0,5.92,4.52
2238,4,0,0,2.77,5.76
2239,13,0,0,0.53,0
2240,11,0,0,1.35,2.17
2241,1,0,0,5.92,4.54
2242,4,0,0,2.77,5.77
2243,13,0,0,0.55,0
2244,11,0,0,1.37,2.17
2245,1,0,0,5.92,4.55
2246,4,0,0,2.77,5.79
2247,13,0,0,0.57,0
2248,11,0,0,1.38,2.17
2249,1,0,0,5.92,4.57
2250,4,0,0,2.77,5.81
2251,13,0,0,0.58,0
2252,11,0,0,1.4,2.17
2253,1,0,0,5.92,4.59
2254,4,0,0,2.77,5.82
2255,13,0,0,0.6,0
2256,11,0,0,1.42,2.17
2257,1,0,0,5.92,4.6
2258,4,0,0,2.77,5.84
2259,13,0,0,0.62,0
2260,11,0,0,1.43,2.17
2261,1,0,0,5.92,4.62
2262,4,0,0,2.77,5.86
2263,13,0,0,0.63,0
2264,11,0,0,1.45,2.17
2265,1,0,0,5.92,4.64
2266,4,0,0,2.77,5.87
2267,13,0,0,0.65,0
2268,11,0,0,1.47,2.17
2269,1,0,0,5.92,4.65
2270,4,0,0,2.77,5.89
2271,13,0,0,0.67,0
2272,11,0,0,1.48,2.17
2273,1,0,0,5.92,4.67
2274,4,0,0,2.77,5.91
2275,13,0,0,0.68,0
2276,11,0,0,1.5,2.17
2277,1,0,0,5.92,4.69
2278,4,0,0,2.77,5.92
2279,13,0,0,0.7,0
2280,11,0,0,1.52,2.17
2281,1,0,0,5.92,4.7
2282,4,0,0,2.77,5.94
2283,13,0,0,0.72,0
2284,11,0,0,1.53,2.17
2285,1,0,0,5.92,4.72
2286,4,0,0,2.77,5.96
2287,13,0,0,0.73,0
2288,11,0,0,1.55,2.17
2289,1,0,0,5.92,4.74
2290,4,0,0,2.77,5.97
2291,13,0,0,0.75,0
2292,11,0,0,1.57,2.17
2293,1,0,0,5.92,4.75
2294,4,0,0,2.77,5.99
2295,13,0,0,0.77,0
2296,11,0,0,1.58,2.17
2297,1,0,0,5.92,4.77
2298,4,0,0,2.77,6.01
2299,13,0,0,0.78,0
2300,11,0,0,1.6,2.17
2301,1,0,0,5.92,4.79
2302,4,0,0,2.77,6.02
2303,13,0,0,0.8,0
2304,11,0,0,1.62,2.17
2305,1,0,0,5.92,4.8
2306,4,0,0,2.77,6.04
2307,13,0,0,0.82,0
2308,11,0,0,1.63,2.17
2309,1,0,0,5.92,4.82
2310,4,0,0,2.77,6.06
2311,13,0,0,0.83,0
2312,11,0,0,1.65,2.17
2313,1,0,0,5.92,4.84
2314,4,0,0,2.77,6.07
2315,13,0,0,0.85,0
2316,11,0,0,1.67,2.17
2317,1,0,0,5.92,4.85
2318,4,0,0,2.77,6.09
2319,13,0,0,0.87,0
2320,11,0,0,1.69,2.17
2321,1,0,0,5.92,4.87
2322,4,0,0,2.77,6.11
2323,13,0,0,0.88,0
2324,11,0,0,1.7,2.17
2325,1,0,0,5.92,4.89
2326,4,0,0,2.77,6.12
2327,13,0,0,0.9,0
2328,11,0,0,1.72,2.17
2329,1,0,0,5.92,4.9
2330,4,0,0,2.77,6.14
2331,13,0,0,0.92,0
2332,11,0,0,1.74,2.17
2333,1,0,0,5.92,4.92
2334,4,0,0,2.77,6.16
2335,13,0,0,0.93,0
2336,11,0,0,1.75,2.17
2337,1,0,0,5.92,4.94
2338,4,0,0,2.77,6.17
2339,13,0,0,0.95,0
2340,11,0,0,1.77,2.17
2341,1,0,0,5.92,4.95
2342,4,0,0,2.77,6.19
2343,13,0,0,0.97,0
2344,11,0,0,1.79,2.17
2345,1,0,0,5.92,4.97
2346,4,0,0,2.77,6.21
2347,13,0,0,0.98,0
2348,11,0,0,1.8,2.17
2349,1,0,0,5.92,4.99
2350,4,0,0,2.77,6.22
2351,13,0,0,1.0,0
2352,11,0,0,1.82,2.17
2353,1,0,0,5.92,5.0
2354,4,0,0,2.77,6.24
2355,13,0,0,1.02,0
2356,11,0,0,1.84,2.17
2357,1,0,0,5.92,5.02
2358,4,0,0,2.77,6.26
2359,13,0,0,1.03,0
2360,11,0,0,1.85,2.17
2361,1,0,0,5.92,5.04
2362,4,0,0,2.77,6.27
2363,13,0,0,1.05,0
2364,11,0,0,1.87,2.17
2365,1,0,0,5.92,5.06
2366,4,0,0,2.77,6.29
2367,13,0,0,1.07,0
2368,11,0,0,1.89,2.17
2369,1,0,0,5.92,5.07
2370,4,0,0,2.77,6.31
2371,13,0,0,1.08,0
2372,11,0,0,1.9,2.17
2373,1,0,0,5.92,5.09
2374,4,0,0,2.77,6.32
2375,13,0,0,1.1,0
2376,11,0,0,1.92,2.17
2377,1,0,0,5.92,5.11
2378,4,0,0,2.77,6.34
2379,13,0,0,1.12,0
2380,11,0,0,1.94,2.17
2381,1,0,0,5.92,5.12
2382,4,0,0,2.77,6.36
2383,13,0,0,1.13,0
2384,11,0,0,1.95,2.17
2385,1,0,0,5.92,5.14
2386,4,0,0,2.77,6.37
2387,13,0,0,1.15,0
2388,11,0,0,1.97,2.17
2389,1,0,0,5.92,5.16
2390,4,0,0,2.77,6.39
2391,13,0,0,1.17,0
2392,11,0,0,1.99,2.17
2393,1,0,0,5.92,5.17
2394,4,0,0,2.77,6.41
2395,13,0,0,1.18,0
2396,11,0,0,2.0,2.17
2397,1,0,0,5.92,5.19
2398,4,0,0,2.77,6.42
2399,13,0,0,1.2,0
2400,11,0,0,2.02,2.17
2401,1,0,0,5.92,5.21
2402,4,0,0,2.77,6.44
2403,13,0,0,1.22,0
2404,11,0,0,2.04,2.17
2405,1,0,0,5.92,5.22
2406,4,0,0,2.77,6.46
2407,13,0,0,1.23,0
2408,11,0,0,2.05,2.17
2409,1,0,0,5.92,5.24
2410,4,0,0,2.77,6.47
2411,13,0,0,1.25,0
2412,1,0,0,5.92,5.26
2413,4,0,0,2.77,6.49
2414,13,0,0,1.27,0
2415,1,0,0,5.92,5.27
2416,4,0,0,2.77,6.51
2417,13,0,0,1.28,0
2418,1,0,0,5.92,5.29
2419,4,0,0,2.77,6.52
2420,13,0,0,1.3,0
2421,1,0,0,5.92,5.31
2422,4,0,0,2.77,6.54
2423,13,0,0,1.32,0
2424,1,0,0,5.92,5.32
2425,4,0,0,2.77,6.56
2426,13,0,0,1.33,0
2427,1,0,0,5.92,5.34
2428,4,0,0,2.77,6.57
2429,13,0,0,1.35,0
2430,1,0,0,5.92,5.36
2431,4,0,0,2.77,6.59
2432,13,0,0,1.37,0
2433,1,0,0,5.92,5.37
2434,4,0,0,2.77,6.61
2435,13,0,0,1.38,0
2436,1,0,0,5.92,5.39
2437,4,0,0,2.77,6.62
2438,13,0,0,1.4,0
2439,1,0,0,5.92,5.41
2440,4,0,0,2.77,6.64
2441,13,0,0,1.42,0
2442,14,0,0,0.02,0
2443,1,0,0,5.92,5.42
2444,4,0,0,2.77,6.66
2445,13,0,0,1.43,0
2446,14,0,0,0.03,0
2447,1,0,0,5.92,5.44
2448,4,0,0,2.77,6.67
2449,13,0,0,1.45,0
2450,14,0,0,0.05,0
2451,1,0,0,5.92,5.46
2452,4,0,0,2.77,6.69
2453,13,0,0,1.47,0
2454,14,0,0,0.07,0
2455,1,0,0,5.92,5.47
2456,4,0,0,2.77,6.71
2457,13,0,0,1.48,0
2458,14,0,0,0.08,0
2459,1,0,0,5.92,5.49
2460,4,0,0,2.77,6.72
2461,13,0,0,1.5,0
2462,14,0,0,0.1,0
2463,1,0,0,5.92,5.51
2464,4,0,0,2.77,6.74
2465,13,0,0,1.52,0
2466,14,0,0,0.12,0
2467,1,0,0,5.92,5.52
2468,4,0,0,2.77,6.76
2469,13,0,0,1.53,0
2470,14,0,0,0.13,0
2471,1,0,0,5.92,5.54
2472,4,0,0,2.77,6.77
2473,13,0,0,1.55,0
2474,14,0,0,0.15,0
2475,1,0,0,5.92,5.56
2476,4,0,0,2.77,6.79
2477,13,0,0,1.57,0
2478,14,0,0,0.17,0
2479,1,0,0,5.92,5.57
2480,4,0,0,2.77,6.81
2481,13,0,0,1.58,0
2482,14,0,0,0.18,0
2483,1,0,0,5.92,5.59
2484,4,0,0,2.77,6.82
2485,13,0,0,1.6,0
2486,14,0,0,0.2,0
2487,1,0,0,5.92,5.61
2488,4,0,0,2.77,6.84
2489,13,0,0,1.62,0
2490,14,0,0,0.22,0
2491,1,0,0,5.92,5.62
2492,4,0,0,2.77,6.86
2493,13,0,0,1.63,0
2494,14,0,0,0.23,0
2495,1,0,0,5.92,5.64
2496,4,0,0,2.77,6.87
2497,13,0,0,1.65,0
2498,14,0,0,0.25,0
2499,1,0,0,5.92,5.66
2500,4,0,0,2.77,6.89
2501,13,0,0,1.67,0
2502,14,0,0,0.27,0
2503,1,0,0,5.92,5.67
2504,4,0,0,2.77,6.91
2505,13,0,0,1.69,0
2506,14,0,0,0.28,0
2507,1,0,0,5.92,5.69
2508,4,0,0,2.77,6.92
2509,13,0,0,1.7,0
2510,14,0,0,0.3,0
2511,1,0,0,5.92,5.71
2512,4,0,0,2.77,6.94
2513,13,0,0,1.72,0
2514,14,0,0,0.32,0
2515,1,0,0,5.92,5.72
2516,4,0,0,2.77,6.96
2517,13,0,0,1.74,0
2518,14,0,0,0.33,0
2519,1,0,0,5.92,5.74
2520,4,0,0,2.77,6.97
2521,13,0,0,1.75,0
2522,14,0,0,0.35,0
2523,1,0,0,5.92,5.76
2524,4,0,0,2.77,6.99
2525,13,0,0,1.77,0
2526,14,0,0,0.37,0
2527,1,0,0,5.92,5.77
2528,4,0,0,2.77,7.01
2529,13,0,0,1.79,0
2530,14,0,0,0.38,0
2531,1,0,0,5.92,5.79
2532,4,0,0,2.77,7.02
2533,13,0,0,1.8,0
2534,14,0,0,0.4,0
2535,1,0,0,5.92,5.81
2536,4,0,0,2.77,7.04
2537,13,0,0,1.82,0
2538,14,0,0,0.42,0
2539,1,0,0,5.92,5.82
2540,4,0,0,2.77,7.06
2541,13,0,0,1.84,0
2542,14,0,0,0.43,0
2543,1,0,0,5.92,5.84
2544,4,0,0,2.77,7.07
2545,13,0,0,1.85,0
2546,14,0,0,0.45,0
2547,1,0,0,5.92,5.86
2548,4,0,0,2.77,7.09
2549,13,0,0,1.87,0
2550,14,0,0,0.47,0
2551,1,0,0,5.92,5.87
2552,4,0,0,2.77,7.11
2553,13,0,0,1.89,0
2554,14,0,0,0.48,0
2555,1,0,0,5.92,5.89
2556,4,0,0,2.77,7.12
2557,13,0,0,1.9,0
2558,14,0,0,0.5,0
2559,1,0,0,5.92,5.91
2560,13,0,0,1.92,0
2561,14,0,0,0.52,0
2562,1,0,0,5.92,5.92
2563,13,0,0,1.94,0
2564,14,0,0,0.53,0
2565,1,0,0,5.92,5.94
2566,13,0,0,1.95,0
2567,14,0,0,0.55,0
2568,1,0,0,5.92,5.96
2569,13,0,0,1.97,0
2570,14,0,0,0.57,0
2571,1,0,0,5.92,5.97
2572,13,0,0,1.99,0
2573,14,0,0,0.58,0
2574,1,0,0,5.92,5.99
2575,13,0,0,2.0,0
2576,14,0,0,0.6,0
2577,1,0,0,5.92,6.01
2578,13,0,0,2.02,0
2579,14,0,0,0.62,0
2580,1,0,0,5.92,6.02
2581,13,0,0,2.04,0
2582,14,0,0,0.63,0
2583,1,0,0,5.92,6.04
2584,13,0,0,2.05,0
2585,14,0,0,0.65,0
2586,1,0,0,5.92,6.06
2587,13,0,0,2.07,0
2588,14,0,0,0.67,0
2589,1,0,0,5.92,6.07
2590,13,0,0,2.09,0
2591,14,0,0,0.68,0
2592,1,0,0,5.92,6.09
2593,13,0,0,2.1,0
2594,14,0,0,0.7,0
2595,4,0,0,2.77,7.14
2596,1,0,0,5.92,6.11
2597,13,0,0,2.12,0
2598,14,0,0,0.72,0
2599,4,0,0,2.77,7.16
2600,13,0,0,2.14,0
2601,14,0,0,0.73,0
2602,4,0,0,2.77,7.17
2603,13,0,0,2.15,0
2604,14,0,0,0.75,0
2605,4,0,0,2.77,7.19
2606,13,0,0,2.17,0
2607,14,0,0,0.77,0
2608,4,0,0,2.77,7.21
2609,13,0,0,2.19,0
2610,14,0,0,0.78,0
2611,4,0,0,2.77,7.22
2612,13,0,0,2.2,0
2613,14,0,0,0.8,0
2614,4,0,0,2.77,7.24
2615,13,0,0,2.22,0
2616,14,0,0,0.82,0
2617,4,0,0,2.77,7.26
2618,13,0,0,2.24,0
2619,14,0,0,0.83,0
2620,4,0,0,2.77,7.27
2621,13,0,0,2.25,0
2622,14,0,0,0.85,0
2623,4,0,0,2.77,7.29
2624,13,0,0,2.27,0
2625,14,0,0,0.87,0
2626,4,0,0,2.77,7.31
2627,1,0,0,5.92,6.12
2628,13,0,0,2.29,0
2629,14,0,0,0.87,0.02
2630,1,0,0,5.92,6.14
2631,13,0,0,2.3,0
2632,14,0,0,0.87,0.03
2633,1,0,0,5.92,6.16
2634,13,0,0,2.32,0
2635,14,0,0,0.87,0.05
2636,1,0,0,5.92,6.17
2637,13,0,0,2.34,0
2638,14,0,0,0.87,0.07
2639,1,0,0,5.92,6.19
2640,13,0,0,2.35,0
2641,14,0,0,0.87,0.08
2642,1,0,0,5.92,6.21
2643,13,0,0,2.37,0
2644,14,0,0,0.87,0.1
2645,1,0,0,5.92,6.22
2646,13,0,0,2.39,0
2647,14,0,0,0.87,0.12
2648,1,0,0,5.92,6.24
2649,4,0,0,2.77,7.32
2650,13,0,0,2.4,0
2651,14,0,0,0.87,0.13
2652,1,0,0,5.92,6.26
2653,4,0,0,2.77,7.34
2654,13,0,0,2.42,0
2655,1,0,0,5.92,6.27
2656,4,0,0,2.77,7.36
2657,13,0,0,2.44,0
2658,1,0,0,5.92,6.29
2659,4,0,0,2.77,7.37
2660,13,0,0,2.45,0
2661,1,0,0,5.92,6.31
2662,4,0,0,2.77,7.39
2663,13,0,0,2.47,0
2664,1,0,0,5.92,6.32
2665,4,0,0,2.77,7.41
2666,13,0,0,2.49,0
2667,1,0,0,5.92,6.34
2668,13,0,0,2.5,0
2669,1,0,0,5.92,6.36
2670,13,0,0,2.52,0
2671,1,0,0,5.92,6.37
2672,13,0,0,2.54,0
2673,1,0,0,5.92,6.39
2674,13,0,0,2.55,0
2675,1,0,0,5.92,6.41
2676,13,0,0,2.57,0
2677,1,0,0,5.92,6.42
2678,14,0,0,0.87,0.15
2679,13,0,0,2.59,0
2680,1,0,0,5.92,6.44
2681,14,0,0,0.87,0.17
2682,13,0,0,2.6,0
2683,1,0,0,5.92,6.46
2684,14,0,0,0.87,0.18
2685,13,0,0,2.62,0
2686,1,0,0,5.92,6.47
2687,14,0,0,0.87,0.2
2688,13,0,0,2.64,0
2689,1,0,0,5.92,6.49
2690,14,0,0,0.87,0.22
2691,13,0,0,2.65,0
2692,1,0,0,5.92,6.51
2693,14,0,0,0.87,0.23
2694,13,0,0,2.67,0
2695,1,0,0,5.92,6.52
2696,14,0,0,0.87,0.25
2697,13,0,0,2.69,0
2698,1,0,0,5.92,6.54
2699,14,0,0,0.87,0.27
2700,13,0,0,2.7,0
2701,1,0,0,5.92,6.56
2702,14,0,0,0.87,0.28
2703,13,0,0,2.72,0
2704,1,0,0,5.92,6.57
2705,14,0,0,0.87,0.3
2706,13,0,0,2.74,0
2707,1,0,0,5.92,6.59
2708,14,0,0,0.87,0.32
2709,13,0,0,2.75,0
2710,1,0,0,5.92,6.61
2711,14,0,0,0.87,0.33
2712,13,0,0,2.77,0
2713,1,0,0,5.92,6.62
2714,14,0,0,0.87,0.35
2715,13,0,0,2.79,0
2716,1,0,0,5.92,6.64
2717,14,0,0,0.87,0.37
2718,13,0,0,2.8,0
2719,1,0,0,5.92,6.66
2720,14,0,0,0.87,0.38
2721,13,0,0,2.82,0
2722,1,0,0,5.92,6.67
2723,14,0,0,0.87,0.4
2724,13,0,0,2.84,0
2725,1,0,0,5.92,6.69
2726,14,0,0,0.87,0.42
2727,13,0,0,2.85,0
2728,1,0,0,5.92,6.71
2729,14,0,0,0.87,0.43
2730,13,0,0,2.87,0
2731,1,0,0,5.92,6.72
2732,14,0,0,0.87,0.45
2733,13,0,0,2.89,0
2734,1,0,0,5.92,6.74
2735,14,0,0,0.87,0.47
2736,13,0,0,2.9,0
2737,1,0,0,5.92,6.76
2738,14,0,0,0.87,0.48
2739,13,0,0,2.92,0
2740,1,0,0,5.92,6.77
2741,14,0,0,0.87,0.5
2742,13,0,0,2.94,0
2743,1,0,0,5.92,6.79
2744,14,0,0,0.87,0.52
2745,13,0,0,2.95,0
2746,1,0,0,5.92,6.81
2747,14,0,0,0.87,0.53
2748,13,0,0,2.97,0
2749,1,0,0,5.92,6.82
2750,14,0,0,0.87,0.55
2751,13,0,0,2.99,0
2752,1,0,0,5.92,6.84
2753,14,0,0,0.87,0.57
2754,13,0,0,3.0,0
2755,1,0,0,5.92,6.86
2756,14,0,0,0.87,0.58
2757,13,0,0,3.02,0
2758,1,0,0,5.92,6.87
2759,14,0,0,0.87,0.6
2760,13,0,0,3.04,0
2761,1,0,0,5.92,6.89
2762,14,0,0,0.87,0.62
2763,13,0,0,3.05,0
2764,1,0,0,5.92,6.91
2765,14,0,0,0.87,0.63
2766,13,0,0,3.07,0
2767,1,0,0,5.92,6.92
2768,14,0,0,0.87,0.65
2769,13,0,0,3.09,0
2770,1,0,0,5.92,6.94
2771,14,0,0,0.87,0.67
2772,13,0,0,3.1,0
2773,1,0,0,5.92,6.96
2774,14,0,0,0.87,0.68
